actual,predicted
0.7811484,0.92537826
0.7811223,0.926061
0.7810963,0.9246601
0.7810702,0.9239325
0.7810441,0.9236114
0.7810181,0.9233953
0.780992,0.92402613
0.7809659,0.92583525
0.7809399,0.92481834
0.7809138,0.9235913
0.7808877,0.92339987
0.7808617,0.92315567
0.78083557,0.9232194
0.7808095,0.92419815
0.7807834,0.9258426
0.78075737,0.92415047
0.7807313,0.92312455
0.7807052,0.922884
0.78067917,0.9224911
0.7806531,0.9228129
0.780627,0.9242484
0.78060097,0.9238294
0.7805749,0.9223592
0.7805488,0.9217157
0.78052276,0.92117685
0.7804967,0.92099196
0.7804706,0.9217696
0.78044456,0.9238967
0.7804185,0.9223489
0.7803924,0.92138714
0.78036636,0.92173886
0.78034025,0.9217815
0.7803142,0.92241454
0.78028816,0.92404604
0.78026205,0.92497444
0.780236,0.9236253
0.78020996,0.92292535
0.78018385,0.9226873
0.7801578,0.9225603
0.78013176,0.92324114
0.78010565,0.92508334
0.7800796,0.9241229
0.78005356,0.922903
0.78002745,0.9227101
0.7800014,0.92237264
0.77997535,0.92247003
0.77994925,0.9235353
0.7799232,0.9254086
0.7798971,0.92371917
0.77987105,0.9228196
0.779845,0.9228075
0.7798189,0.9227104
0.77979285,0.92327136
0.7797668,0.92493147
0.7797407,0.9248008
0.77971464,0.92340106
0.7796886,0.92279375
0.7796625,0.9223506
0.77963644,0.9222404
0.7796104,0.92302847
0.7795843,0.925107
0.77955824,0.9236169
0.77953213,0.92256147
0.7795061,0.92278445
0.77948004,0.9226884
0.77945393,0.9231322
0.7794279,0.9245557
0.77940184,0.9254459
0.77937573,0.92394143
0.7793497,0.92311805
0.77932364,0.92283
0.77929753,0.92263174
0.7792715,0.9232234
0.77924544,0.9249444
0.7792193,0.92398816
0.7791933,0.922696
0.77916723,0.92240334
0.7791411,0.92208195
0.7791151,0.92210925
0.779089,0.92303085
0.7790629,0.92486024
0.7790369,0.92297506
0.7790108,0.9219774
0.7789847,0.9227222
0.7789587,0.9242251
0.7789326,0.92678845
0.7789065,0.9301095
0.7788805,0.931829
0.77885437,0.93248236
0.7788283,0.93267643
0.7788023,0.9328041
0.77877617,0.93306404
0.7787501,0.9344893
0.7787241,0.9370895
0.77869797,0.94084394
0.7786722,0.93948215
0.778652,0.9374896
0.7786338,0.93833596
0.7786156,0.937938
0.77859735,0.93741274
0.7785792,0.93754506
0.778561,0.938574
0.77854276,0.93833846
0.7785246,0.9361977
0.77850634,0.934482
0.77848816,0.9328681
0.7784699,0.93113667
0.77845174,0.9301015
0.7784335,0.9303298
0.7784153,0.9268676
0.7783971,0.9238407
0.7783789,0.92220694
0.77836066,0.9200326
0.7783425,0.9184379
0.77832425,0.9180317
0.77830607,0.9175089
0.7782878,0.91419894
0.77826965,0.9122568
0.7782514,0.91082126
0.77823323,0.90958744
0.77821505,0.9092082
0.7781968,0.9074645
0.77817863,0.9059196
0.7781604,0.90647227
0.7781422,0.9058416
0.778124,0.90516263
0.7781058,0.90320003
0.77808756,0.903835
0.7780694,0.90641886
0.77805114,0.90448624
0.77803296,0.9053996
0.7780147,0.90595376
0.77799654,0.90490204
0.7779783,0.90582526
0.7779601,0.9079914
0.7779419,0.9086546
0.7779237,0.9074444
0.77790546,0.9083327
0.7778873,0.9074208
0.7778691,0.9076366
0.77785087,0.90880144
0.7778327,0.911288
0.77781445,0.91021824
0.77779627,0.9093121
0.777778,0.9098966
0.77775985,0.90995425
0.7777416,0.9106057
0.77772343,0.91310173
0.7777052,0.91482383
0.777687,0.913358
0.7776688,0.91217935
0.7776506,0.9123342
0.77763236,0.91277415
0.7776142,0.9140602
0.77759594,0.91611207
0.77757776,0.9157297
0.7775596,0.91448116
0.77754134,0.91384643
0.77752316,0.91376126
0.7775049,0.9142699
0.77748674,0.9154327
0.7774685,0.9180059
0.7774503,0.9164627
0.7774321,0.91569805
0.7774139,0.9158983
0.77739567,0.9163786
0.7773775,0.9171919
0.77735925,0.919056
0.77734107,0.9197447
0.7773228,0.9184699
0.77730465,0.9179534
0.7772864,0.9177862
0.77726823,0.91778016
0.77725,0.91862243
0.7772318,0.92061603
0.77721363,0.9194786
0.7771954,0.918341
0.7771772,0.91840315
0.777159,0.91831666
0.7771408,0.9186285
0.77712256,0.9198542
0.7771044,0.921285
0.77708614,0.9194125
0.77706796,0.91852194
0.7770497,0.9194203
0.77703154,0.91970015
0.7770133,0.92040277
0.7769951,0.9222501
0.7769769,0.92202896
0.7769587,0.92075795
0.77694046,0.9203114
0.7769223,0.91985226
0.77690405,0.9197395
0.77688587,0.9205877
0.7768677,0.9228407
0.77684945,0.92129153
0.77683127,0.92040765
0.77681303,0.92074853
0.77679485,0.920793
0.7767766,0.9214491
0.77675843,0.9230967
0.7767402,0.92372626
0.776722,0.9223504
0.7767038,0.92175066
0.7766856,0.9215679
0.77666736,0.921592
0.7766492,0.9224981
0.77663094,0.9246203
0.77661276,0.9237611
0.7765945,0.92270553
0.77657634,0.9227349
0.7765581,0.9226173
0.7765399,0.92299294
0.77652174,0.924315
0.7765035,0.92609406
0.7764853,0.9245481
0.7764671,0.92371154
0.7764489,0.92365956
0.77643067,0.92353934
0.7764125,0.92413753
0.77639425,0.9257958
0.77637607,0.9254705
0.7763578,0.9240335
0.77633965,0.92336184
0.7763214,0.922762
0.77630323,0.9225144
0.776285,0.92320126
0.7762668,0.9251915
0.7762486,0.9234763
0.7762304,0.9223669
0.7762122,0.922532
0.776194,0.92236626
0.7761758,0.9227862
0.77615756,0.9242389
0.7761394,0.92491555
0.77612114,0.923446
0.77610296,0.922678
0.7760847,0.9223558
0.77606654,0.92218924
0.7760483,0.9228794
0.7760301,0.9247571
0.7760119,0.9237839
0.7759937,0.9225664
0.77597547,0.9224264
0.7759573,0.9221599
0.77593905,0.9223788
0.77592087,0.9236078
0.7759026,0.9255209
0.77588445,0.9239405
0.77586627,0.9230792
0.77584803,0.923071
0.77582985,0.9229187
0.7758116,0.92349386
0.77579343,0.92516255
0.7757752,0.92495525
0.775757,0.9235411
0.7757388,0.9228769
0.7757206,0.92234176
0.77570236,0.92210793
0.7756842,0.9227864
0.77566594,0.92480296
0.77564776,0.92315865
0.7756295,0.9220327
0.77561134,0.92223334
0.7755931,0.92209214
0.7755749,0.9224854
0.7755567,0.9238933
0.7755385,0.9246603
0.7755203,0.9231272
0.7755021,0.9222648
0.7754839,0.92191124
0.77546567,0.92164564
0.7754475,0.9221861
0.77542925,0.9239174
0.77541107,0.9228782
0.77539283,0.9215184
0.77537465,0.9212035
0.7753564,0.92076075
0.77533823,0.9207823
0.77532,0.9218311
0.7753018,0.92377055
0.7752836,0.9219861
0.7752654,0.9209549
0.77524716,0.92085123
0.775229,0.92060906
0.77521074,0.92106164
0.77519256,0.92261326
0.7751744,0.9223904
0.77515614,0.9208543
0.77513796,0.9201217
0.7751197,0.9195889
0.77510154,0.91939783
0.7750833,0.92009515
0.7750651,0.9221033
0.7750469,0.9205117
0.7750287,0.91932046
0.77501047,0.91945755
0.7749923,0.9192925
0.77497405,0.91967773
0.77495587,0.9210748
0.7749376,0.9219339
0.77491945,0.9203394
0.7749012,0.91943944
0.77488303,0.91912395
0.77486485,0.9188807
0.7748466,0.919453
0.77482843,0.9212265
0.7748102,0.9202892
0.774792,0.9189157
0.7747738,0.91855705
0.7747556,0.91813874
0.77473736,0.9181682
0.7747192,0.9191811
0.77470094,0.92120737
0.77468276,0.91937196
0.7746645,0.9183704
0.77464634,0.91836154
0.7746281,0.9181813
0.7746099,0.9186894
0.7745917,0.9203068
0.7745735,0.9202672
0.77455527,0.91880214
0.7745371,0.9181045
0.7745189,0.91765845
0.77450067,0.9174869
0.7744825,0.9182255
0.77446425,0.92024076
0.77444607,0.9187387
0.77442783,0.9175583
0.77440965,0.9176794
0.7743914,0.91752595
0.77437323,0.91794574
0.774355,0.9194063
0.7743368,0.92049384
0.7743186,0.918935
0.7743004,0.91810393
0.77428216,0.9187155
0.774264,0.92015094
0.77424574,0.92312896
0.77422756,0.92639846
0.7742093,0.92821133
0.77419114,0.92894083
0.77417296,0.9294071
0.7741547,0.92974854
0.77413654,0.9304714
0.7741183,0.9324866
0.7741001,0.9358261
0.7740819,0.93995917
0.7740635,0.93774414
0.77404165,0.93543077
0.77401817,0.93580925
0.7739947,0.9351893
0.7739712,0.9345181
0.7739477,0.9343958
0.77392423,0.93521106
0.77390075,0.93453217
0.77387726,0.93177164
0.7738538,0.92924094
0.77383035,0.92727804
0.77380687,0.925229
0.7737834,0.9238221
0.7737599,0.9236016
0.7737364,0.9195717
0.77371293,0.9158537
0.77368945,0.91380656
0.77366596,0.9116373
0.7736425,0.9100469
0.773619,0.9096163
0.7735955,0.90896624
0.773572,0.9055229
0.77354854,0.9032459
0.77352506,0.90206957
0.7735016,0.90106577
0.7734781,0.9010001
0.7734546,0.9022726
0.7734311,0.9007089
0.77340764,0.8986116
0.77338415,0.8980503
0.77336067,0.8976948
0.7733372,0.8978433
0.7733137,0.899055
0.7732902,0.90181285
0.77326673,0.8999361
0.7732433,0.899178
0.7732198,0.89989215
0.77319634,0.9004693
0.77317286,0.90166295
0.7731494,0.90398806
0.7731259,0.904633
0.7731024,0.903415
0.7730789,0.90323544
0.77305543,0.90352285
0.77303195,0.9040198
0.77300847,0.9054245
0.772985,0.90812457
0.7729615,0.907109
0.772938,0.906251
0.7729145,0.9068668
0.77289104,0.9072495
0.77286756,0.9081263
0.7728441,0.91004205
0.7728206,0.9118735
0.7727971,0.91053796
0.7727736,0.9099944
0.77275014,0.9102579
0.77272666,0.9105073
0.7727032,0.911546
0.77267975,0.91374594
0.77265626,0.913393
0.7726328,0.91220015
0.7726093,0.9120488
0.7725858,0.9119298
0.7725623,0.91221225
0.77253884,0.9134453
0.77251536,0.91610485
0.7724919,0.91449237
0.7724684,0.9137156
0.7724449,0.9141781
0.7724214,0.91442525
0.77239794,0.9152949
0.77237445,0.91722906
0.77235097,0.9178276
0.7723275,0.9165275
0.772304,0.91597897
0.7722805,0.9157839
0.77225703,0.9157864
0.77223355,0.916661
0.77221006,0.9187844
0.7721866,0.9176266
0.7721631,0.91651607
0.7721396,0.91662604
0.7721162,0.9165156
0.7720927,0.91692805
0.7720692,0.9183702
0.77204573,0.9199357
0.77202225,0.9183717
0.77199876,0.9175588
0.7719753,0.9175255
0.7719518,0.91748035
0.7719283,0.9181936
0.7719048,0.92007893
0.77188134,0.919674
0.77185786,0.91839087
0.7718344,0.91796565
0.7718109,0.91758406
0.7717874,0.91751695
0.7717639,0.91840655
0.77174044,0.9207116
0.77171695,0.9190402
0.77169347,0.91811585
0.77167,0.9184376
0.7716465,0.91845804
0.771623,0.91906226
0.77159953,0.92071944
0.77157605,0.92124647
0.77155256,0.919838
0.77152914,0.91913676
0.77150565,0.9188483
0.77148217,0.9187082
0.7714587,0.91943127
0.7714352,0.9213711
0.7714117,0.9201703
0.77138823,0.9189095
0.77136475,0.9188015
0.77134126,0.9184892
0.7713178,0.91864604
0.7712943,0.9198111
0.7712708,0.9212843
0.7712473,0.9195657
0.77122384,0.9185599
0.77120036,0.91839814
0.7711769,0.91818345
0.7711534,0.9187035
0.7711299,0.9203514
0.7711064,0.9197914
0.77108294,0.9182422
0.77105945,0.9175394
0.77103597,0.9169493
0.7710125,0.91670865
0.770989,0.91742456
0.7709656,0.91950935
0.7709421,0.91763365
0.7709186,0.91642714
0.7708951,0.916522
0.77087164,0.9163164
0.77084816,0.9167258
0.7708247,0.91823184
0.7708012,0.9186915
0.7707777,0.91713566
0.7707542,0.91633123
0.77073073,0.9159759
0.77070725,0.9158
0.77068377,0.9164994
0.7706603,0.91845727
0.7706368,0.9173207
0.7706133,0.9160857
0.7705898,0.91601884
0.77056634,0.91578096
0.77054286,0.91603243
0.7705194,0.91730595
0.7704959,0.91898364
0.7704724,0.91733235
0.7704489,0.9164168
0.77042544,0.9163744
0.770402,0.9162935
0.77037853,0.91696584
0.77035505,0.9187544
0.77033156,0.9184138
0.7703081,0.9169996
0.7702846,0.9164725
0.7702611,0.91610456
0.7702376,0.9160702
0.77021414,0.91696846
0.77019066,0.9192053
0.7701672,0.9175125
0.7701437,0.9164202
0.7701202,0.9166529
0.7700967,0.9165839
0.77007324,0.91712785
0.77004975,0.9187484
0.77002627,0.91942877
0.7700028,0.91790015
0.7699793,0.91701066
0.7699558,0.9165856
0.7699323,0.9162914
0.76990885,0.91683644
0.76988536,0.9186515
0.7698619,0.91741955
0.7698384,0.9159871
0.76981497,0.91569406
0.7697915,0.91522926
0.769768,0.91527367
0.7697445,0.9163865
0.76972103,0.9180524
0.76969755,0.91622937
0.76967406,0.9151713
0.7696506,0.91502225
0.7696271,0.914784
0.7696036,0.91529906
0.7695801,0.91695476
0.76955664,0.9165422
0.76953316,0.91498965
0.7695097,0.91434073
0.7694862,0.9138577
0.7694627,0.9137642
0.7694392,0.9146567
0.76941574,0.9169188
0.76939225,0.9152882
0.76936877,0.91420937
0.7693453,0.91457784
0.7693218,0.9146736
0.7692983,0.9153876
0.76927483,0.9171224
0.7692514,0.91800445
0.7692279,0.91651934
0.76920444,0.9157691
0.76918095,0.9155517
0.76915747,0.915475
0.769134,0.9162354
0.7691105,0.91818255
0.769087,0.91714454
0.76906353,0.91589564
0.76904005,0.91585726
0.76901656,0.91576684
0.7689931,0.9161539
0.7689696,0.9175349
0.7689461,0.919561
0.7689226,0.9178829
0.76889914,0.9169129
0.76887566,0.91697896
0.7688522,0.91693795
0.7688287,0.9175577
0.7688052,0.9192533
0.7687817,0.91890836
0.76875824,0.91726613
0.76873475,0.9164671
0.76871127,0.9159508
0.7686878,0.915716
0.76866436,0.91642344
0.7686409,0.9185122
0.7686174,0.9166982
0.7685939,0.91533566
0.7685704,0.9154778
0.76854694,0.91533554
0.76852345,0.915743
0.7685,0.9172075
0.7684765,0.9179071
0.768453,0.91613543
0.7684295,0.915131
0.76840603,0.9156387
0.76838255,0.9170706
0.76835907,0.92010176
0.7683356,0.9233074
0.7683121,0.9249915
0.7682886,0.9255404
0.7682651,0.92571795
0.76824164,0.9258177
0.76821816,0.92630094
0.7681947,0.9282768
0.7681712,0.93210596
0.7681477,0.9365173
0.7681243,0.9340343
0.76810294,0.9314487
0.7680827,0.93154943
0.76806235,0.9305951
0.7680421,0.92953604
0.7680218,0.92903036
0.7680015,0.92950714
0.76798123,0.92833936
0.76796097,0.92525136
0.76794064,0.9225402
0.7679204,0.9204761
0.7679001,0.9183462
0.76787984,0.91691035
0.7678595,0.91679406
0.76783925,0.91266024
0.767819,0.9088897
0.76779866,0.9069321
0.7677784,0.9048774
0.76775813,0.9034095
0.7677378,0.9031829
0.76771754,0.9026206
0.7676973,0.8991909
0.767677,0.89697456
0.7676567,0.895873
0.7676364,0.8949152
0.76761615,0.89487684
0.7675958,0.89624
0.76757556,0.894674
0.7675553,0.892595
0.767535,0.89209706
0.7675147,0.8918087
0.76749444,0.89193344
0.7674742,0.89315337
0.76745385,0.89586896
0.7674336,0.8939054
0.7674133,0.8931189
0.767393,0.8938774
0.7673727,0.894441
0.76735246,0.89567673
0.76733214,0.89807856
0.7673119,0.8987299
0.7672916,0.897534
0.76727134,0.8974101
0.767251,0.8977589
0.76723075,0.8982754
0.7672105,0.8997061
0.76719016,0.9024736
0.7671699,0.9013813
0.7671496,0.90050805
0.7671293,0.9012365
0.76710904,0.90174806
0.7670888,0.90270936
0.7670685,0.90473807
0.7670482,0.90657043
0.7670279,0.90521914
0.76700765,0.9047341
0.7669873,0.9051018
0.76696706,0.9054708
0.7669468,0.90659285
0.76692647,0.9089234
0.7669062,0.90852606
0.76688594,0.9073608
0.7668657,0.90732014
0.76684535,0.907334
0.7668251,0.9076852
0.7668048,0.9090191
0.7667845,0.9118572
0.7667642,0.9102381
0.76674396,0.909479
0.76672363,0.9100265
0.76670337,0.91032344
0.7666831,0.91121817
0.76666284,0.91320634
0.7666425,0.9137442
0.76662225,0.9123666
0.766602,0.911814
0.76658165,0.911673
0.7665614,0.9116844
0.7665411,0.9126146
0.7665208,0.9148384
0.76650053,0.9136406
0.76648027,0.91249627
0.76646,0.91263163
0.7664397,0.91255033
0.7664194,0.9129541
0.76639915,0.9143727
0.7663788,0.91587365
0.76635855,0.9142333
0.7663383,0.91331655
0.76631796,0.91322786
0.7662977,0.9130816
0.76627743,0.91369563
0.76625717,0.9155034
0.76623684,0.9149115
0.7662166,0.9134552
0.7661963,0.91295266
0.766176,0.91255945
0.7661557,0.912505
0.76613545,0.9134462
0.7661151,0.91581804
0.76609486,0.914
0.7660746,0.912936
0.76605433,0.9131793
0.766034,0.91316277
0.76601374,0.9137747
0.7659935,0.91544086
0.76597315,0.9158678
0.7659529,0.91433686
0.7659326,0.91357964
0.7659123,0.9132755
0.765892,0.91313374
0.76587176,0.9139127
0.7658515,0.91598034
0.7658312,0.91476953
0.7658109,0.9134845
0.76579064,0.91340095
0.7657703,0.9131189
0.76575005,0.91332304
0.7657298,0.91455567
0.76570946,0.9160481
0.7656892,0.91426885
0.7656689,0.91325426
0.76564866,0.9131008
0.76562834,0.91285086
0.7656081,0.91339695
0.7655878,0.9151121
0.7655675,0.9145263
0.7655472,0.91298336
0.76552695,0.91239804
0.7655066,0.9119618
0.76548636,0.9118683
0.7654661,0.9127834
0.7654458,0.9150961
0.7654255,0.9133368
0.76540524,0.91224766
0.765385,0.91251194
0.76536465,0.91246766
0.7653444,0.9130042
0.7653241,0.9146039
0.7653038,0.91511685
0.7652835,0.91355026
0.76526326,0.9127553
0.765243,0.912442
0.76522267,0.91227436
0.7652024,0.91299057
0.76518214,0.91500187
0.7651618,0.9138202
0.76514155,0.9125383
0.7651213,0.91250026
0.76510096,0.9123139
0.7650807,0.91264623
0.7650604,0.91402435
0.76504016,0.9157903
0.76501983,0.91405666
0.76499957,0.9130274
0.7649793,0.91291213
0.764959,0.9127653
0.7649387,0.91335607
0.76491845,0.91509867
0.7648981,0.9145919
0.76487786,0.912952
0.7648576,0.91220915
0.7648373,0.9116257
0.764817,0.9114299
0.76479673,0.9122272
0.76477647,0.91445124
0.76475614,0.9126225
0.7647359,0.91138315
0.7647156,0.9115809
0.7646953,0.911461
0.764675,0.91193545
0.76465476,0.9134789
0.7646345,0.91406804
0.76461416,0.91241604
0.7645939,0.9115165
0.76457363,0.9111482
0.7645533,0.91091317
0.76453304,0.9115931
0.7645128,0.9135708
0.76449245,0.9123851
0.7644722,0.9109838
0.7644519,0.91079915
0.76443166,0.91050816
0.76441133,0.91069674
0.76439106,0.91189784
0.7643708,0.91365546
0.7643505,0.9118123
0.7643302,0.910741
0.76430994,0.91067207
0.7642896,0.9105449
0.76426935,0.91116065
0.7642491,0.9129393
0.7642288,0.9125298
0.7642085,0.91093516
0.76418823,0.91025007
0.76416796,0.9097365
0.76414764,0.9095948
0.7641274,0.9104426
0.7641071,0.91274244
0.7640868,0.91099006
0.7640665,0.9097889
0.76404625,0.9100903
0.764026,0.9100559
0.76400566,0.91056055
0.7639854,0.9121209
0.76396513,0.91276485
0.7639448,0.91107357
0.76392454,0.910224
0.7639043,0.91000766
0.76388395,0.9099419
0.7638637,0.9107736
0.7638434,0.91291064
0.7638231,0.9119226
0.7638028,0.9105965
0.76378256,0.91049415
0.7637623,0.9103324
0.76374197,0.9106078
0.7637217,0.9119221
0.76370144,0.91394055
0.7636811,0.9121294
0.76366085,0.91107213
0.7636406,0.9110837
0.76362026,0.9109422
0.7636,0.9115458
0.7635797,0.9133232
0.76355946,0.9130411
0.76353914,0.911395
0.76351887,0.91062576
0.7634986,0.9101199
0.7634783,0.9099263
0.763458,0.91067696
0.76343775,0.9128322
0.7634174,0.9109725
0.76339716,0.9095898
0.7633769,0.90976346
0.7633566,0.90961456
0.7633363,0.91001844
0.76331604,0.91149527
0.76329577,0.912199
0.76327544,0.91037905
0.7632552,0.9093808
0.7632349,0.90997064
0.7632146,0.911538
0.7631943,0.91474664
0.76317406,0.9180699
0.7631538,0.9199313
0.76313347,0.9206325
0.7631132,0.9209176
0.76309294,0.9212154
0.7630726,0.9217699
0.76305234,0.92378277
0.7630321,0.9270768
0.76301175,0.93133664
0.7629915,0.9291097
0.7629721,0.9264017
0.7629532,0.9266193
0.7629343,0.925813
0.76291543,0.924904
0.76289654,0.92454267
0.7628777,0.92512923
0.7628588,0.92388916
0.7628399,0.92069966
0.762821,0.9179653
0.7628021,0.9159042
0.7627833,0.913836
0.7627644,0.91250724
0.7627455,0.9125571
0.7627266,0.9084609
0.76270777,0.904719
0.7626889,0.9028721
0.76267,0.90087485
0.7626511,0.8995047
0.7626322,0.8993595
0.76261336,0.89880925
0.76259446,0.8953668
0.76257557,0.8931323
0.7625567,0.8920604
0.76253784,0.8911271
0.76251894,0.8911256
0.76250005,0.89255214
0.76248115,0.8908667
0.76246226,0.88868505
0.7624434,0.8881868
0.7624245,0.8879437
0.76240563,0.88812363
0.76238674,0.8894295
0.76236784,0.8922522
0.762349,0.8902848
0.7623301,0.88948303
0.7623112,0.890314
0.7622923,0.8909216
0.7622735,0.8921509
0.7622546,0.8945479
0.7622357,0.89511013
0.7622168,0.8937694
0.7621979,0.8935238
0.7621791,0.89376557
0.7621602,0.8941375
0.7621413,0.89544535
0.7621224,0.89818347
0.76210356,0.89696485
0.76208466,0.895975
0.76206577,0.8966322
0.7620469,0.89705074
0.762028,0.8979299
0.76200914,0.8998597
0.76199025,0.90156555
0.76197135,0.9000353
0.76195246,0.8994797
0.7619336,0.89987147
0.76191473,0.9002345
0.76189584,0.90138537
0.76187694,0.903778
0.76185805,0.9033161
0.7618392,0.9020674
0.7618203,0.90206
0.7618014,0.9021698
0.7617825,0.902634
0.76176363,0.9041008
0.7617448,0.9070797
0.7617259,0.9054183
0.761707,0.9046421
0.7616881,0.9052861
0.7616693,0.9056412
0.7616504,0.9065711
0.7616315,0.9086007
0.7616126,0.90909183
0.7615937,0.9075881
0.76157486,0.90696245
0.76155597,0.9067849
0.7615371,0.9068047
0.7615182,0.90774536
0.76149935,0.9099985
0.76148045,0.9086476
0.76146156,0.90737563
0.76144266,0.9075613
0.76142377,0.9075319
0.76140493,0.90798837
0.76138604,0.90953314
0.76136714,0.91110265
0.76134825,0.9093597
0.76132935,0.90844774
0.7613105,0.90840083
0.7612916,0.90832907
0.7612727,0.90906113
0.76125383,0.9110439
0.761235,0.9104268
0.7612161,0.90894645
0.7611972,0.9086573
0.7611783,0.9085543
0.7611594,0.9088329
0.7611406,0.9101144
0.7611217,0.9128569
0.7611028,0.91110075
0.7610839,0.91007406
0.76106507,0.9105503
0.7610462,0.91075546
0.7610273,0.91153693
0.7610084,0.9134021
0.7609895,0.9139026
0.76097065,0.9122261
0.76095176,0.91136456
0.76093286,0.9111044
0.76091397,0.9109945
0.7608951,0.91175795
0.76087624,0.91381025
0.76085734,0.9123436
0.76083845,0.91073817
0.76081955,0.91051334
0.7608007,0.9101267
0.7607818,0.91016185
0.76076293,0.91123915
0.76074404,0.9125467
0.76072514,0.91036904
0.7607063,0.9089946
0.7606874,0.9087088
0.7606685,0.9083623
0.7606496,0.90877503
0.7606308,0.9104006
0.7606119,0.90955335
0.760593,0.90764755
0.7605741,0.9068171
0.7605552,0.90620065
0.7605364,0.9059028
0.7605175,0.90660334
0.7604986,0.90881133
0.7604797,0.9066886
0.76046085,0.90524364
0.76044196,0.90541214
0.76042306,0.9052475
0.76040417,0.9056647
0.7603853,0.9071877
0.76036644,0.90750825
0.76034755,0.905601
0.76032865,0.9046051
0.76030976,0.904212
0.76029086,0.90387475
0.760272,0.90443194
0.76025313,0.9063324
0.76023424,0.90481794
0.76021534,0.9032707
0.7601965,0.9032441
0.7601776,0.90319157
0.7601587,0.90360296
0.7601398,0.9050491
0.7601209,0.9069021
0.7601021,0.9049803
0.7600832,0.9038762
0.7600643,0.9038844
0.7600454,0.90375507
0.7600266,0.90444076
0.7600077,0.90633404
0.7599888,0.9058177
0.7599699,0.904069
0.759951,0.90339494
0.75993216,0.902993
0.75991327,0.9028665
0.7598944,0.9037208
0.7598755,0.90607554
0.7598566,0.90409976
0.75983775,0.902724
0.75981885,0.9030484
0.75979996,0.9030528
0.75978106,0.903604
0.7597622,0.90525544
0.75974333,0.90580785
0.75972444,0.9039184
0.75970554,0.9029145
0.75968665,0.90262914
0.7596678,0.9024418
0.7596489,0.90311587
0.75963,0.90512204
0.7596111,0.9037124
0.7595923,0.902077
0.7595734,0.9018929
0.7595545,0.901667
0.7595356,0.90190077
0.7595167,0.9031876
0.7594979,0.9050367
0.759479,0.9029736
0.7594601,0.90182424
0.7594412,0.90195006
0.7594223,0.9019997
0.75940347,0.90272397
0.7593846,0.904607
0.7593657,0.9041492
0.7593468,0.90242535
0.75932795,0.9018873
0.75930905,0.9017229
0.75929016,0.90183485
0.75927126,0.9029131
0.75925237,0.9054252
0.75923353,0.9036058
0.75921464,0.90235883
0.75919574,0.90291864
0.75917685,0.9031252
0.759158,0.90383184
0.7591391,0.9056019
0.7591202,0.90639484
0.75910133,0.9045384
0.75908244,0.90356565
0.7590636,0.90335715
0.7590447,0.9032439
0.7590258,0.9040042
0.7590069,0.906106
0.7589881,0.90485656
0.7589692,0.9032128
0.7589503,0.9029911
0.7589314,0.90277064
0.7589125,0.9029606
0.75889367,0.9042144
0.7588748,0.90632373
0.7588559,0.90426207
0.758837,0.9030195
0.7588181,0.9030888
0.75879925,0.90294504
0.75878036,0.90347236
0.75876147,0.90520376
0.7587426,0.90475833
0.75872374,0.90279406
0.75870484,0.90184313
0.75868595,0.90128654
0.75866705,0.90093213
0.75864816,0.9015403
0.7586293,0.90363085
0.7586104,0.90154326
0.75859153,0.8999418
0.75857264,0.90016997
0.7585538,0.90012413
0.7585349,0.90057933
0.758516,0.90214103
0.7584971,0.9029727
0.7584782,0.9010226
0.7584594,0.8999857
0.7584405,0.90081644
0.7584216,0.9026657
0.7584027,0.9062296
0.7583838,0.90984833
0.758365,0.91188014
0.7583461,0.91250396
0.7583272,0.91255814
0.7583083,0.912603
0.75828946,0.91269636
0.75827056,0.9144914
0.75825167,0.9179069
0.7582328,0.92249817
0.75821394,0.92073864
0.7582007,0.9179348
0.75819135,0.9178308
0.758182,0.9173025
0.7581727,0.9163332
0.75816333,0.9158299
0.758154,0.91643625
0.7581446,0.91827786
0.7581353,0.91943467
0.75812596,0.91932267
0.7581166,0.91815495
0.75810724,0.9165972
0.75809795,0.91523755
0.7580886,0.9146049
0.75807923,0.9149304
0.7580699,0.9158008
0.7580606,0.91736495
0.7580512,0.91925687
0.75804186,0.9216273
0.75803256,0.92428505
0.7580232,0.9273198
0.75801384,0.9305477
0.7580045,0.9339664
0.7579952,0.93735904
0.75798583,0.94076145
0.7579765,0.94390583
0.7579671,0.94684845
0.7579578,0.9493723
0.75794846,0.9514786
0.7579391,0.9532379
0.75792974,0.95459175
0.75792044,0.95573056
0.7579111,0.9566029
0.7579017,0.95739263
0.7578924,0.9579774
0.7578831,0.95851266
0.7578737,0.9588874
0.75786436,0.9592715
0.75785506,0.95954096
0.7578457,0.95985365
0.75783634,0.96004385
0.757827,0.9602575
0.7578177,0.96040976
0.7578083,0.96053743
0.75779897,0.9606875
0.7577896,0.9607657
0.7577803,0.9609025
0.75777096,0.96096385
0.7577616,0.96107
0.75775224,0.96108985
0.75774294,0.9611729
0.7577336,0.96117693
0.7577242,0.9612421
0.7577149,0.9612502
0.75770557,0.9613106
0.7576962,0.9612837
0.75768685,0.9612769
0.75767756,0.9612354
0.7576682,0.9611678
0.75765884,0.961156
0.7576495,0.9610379
0.7576402,0.9609207
0.7576308,0.9607002
0.75762147,0.96052366
0.7576121,0.96024835
0.7576028,0.96003664
0.75759345,0.95975465
0.7575841,0.95954204
0.75757474,0.9592446
0.75756544,0.9589901
0.7575561,0.9585066
0.7575467,0.95788825
0.7575374,0.9569399
0.75752807,0.95559204
0.7575187,0.9534025
0.75750935,0.9502919
0.75750005,0.94866335
0.7574907,0.9476378
0.75748134,0.9465834
0.757472,0.94542444
0.7574627,0.94428736
0.7574533,0.94306993
0.75744396,0.9418877
0.7574346,0.9406111
0.7574253,0.93943495
0.75741595,0.9381896
0.7574066,0.93702716
0.75739723,0.935887
0.75738794,0.9346727
0.7573786,0.9334896
0.7573692,0.93217546
0.7573599,0.93092716
0.75735056,0.92964447
0.7573412,0.92851186
0.75733185,0.9273933
0.75732255,0.92651796
0.7573132,0.925684
0.75730383,0.92515635
0.7572945,0.9247263
0.7572852,0.92459625
0.7572758,0.92458326
0.75726646,0.92479885
0.7572571,0.92520636
0.7572478,0.92571515
0.75723845,0.9264563
0.7572291,0.9272901
0.7572198,0.92835397
0.75721043,0.9294708
0.7572011,0.9308356
0.7571917,0.9322999
0.7571824,0.93408424
0.75717306,0.93590903
0.7571637,0.93797314
0.75715435,0.94008803
0.75714505,0.94242156
0.7571357,0.9447975
0.75712633,0.94724476
0.757117,0.9497301
0.7571077,0.95207065
0.7570983,0.95434487
0.75708896,0.9563594
0.7570796,0.9582194
0.7570703,0.95974135
0.75706095,0.9611156
0.7570516,0.962157
0.7570423,0.96311045
0.75703293,0.9638151
0.7570236,0.96449375
0.7570142,0.9649456
0.7570049,0.96546054
0.75699556,0.96586823
0.7569862,0.9669651
0.75697684,0.9694803
0.75696754,0.9714966
0.7569582,0.9728494
0.7569488,0.97271967
0.7569395,0.9713112
0.7569302,0.97058034
0.7569208,0.97010195
0.75691146,0.9694549
0.75690216,0.9687344
0.7568928,0.96802485
0.75688344,0.9673724
0.7568741,0.96677244
0.7568648,0.9663106
0.7568554,0.9658993
0.7568461,0.9655633
0.7568367,0.9652636
0.7568274,0.9650219
0.75681806,0.9646299
0.7568087,0.96413505
0.75679934,0.9645653
0.75679004,0.96485937
0.7567807,0.9648818
0.7567713,0.96475923
0.75676197,0.9645655
0.75675267,0.96435654
0.7567433,0.9641328
0.75673395,0.9639969
0.75672466,0.9638318
0.7567153,0.9637195
0.75670594,0.96359456
0.7566966,0.9634995
0.7566873,0.96291286
0.7566779,0.9627755
0.75666857,0.96327126
0.7566592,0.9633594
0.7566499,0.9631505
0.75664055,0.9628068
0.7566312,0.96240544
0.75662184,0.9619771
0.75661254,0.9616344
0.7566032,0.9613009
0.7565938,0.96102357
0.75658447,0.9607656
0.75657517,0.96055794
0.7565658,0.96004903
0.75655645,0.95436907
0.75654715,0.951656
0.7565378,0.9508047
0.75652844,0.95166254
0.7565191,0.9515601
0.7565098,0.9511174
0.7565004,0.9502299
0.75649107,0.9490741
0.7564817,0.9478065
0.7564724,0.94650185
0.75646305,0.94535273
0.7564537,0.9443102
0.75644433,0.943449
0.75643504,0.94276416
0.7564257,0.9422077
0.7564163,0.94179595
0.756407,0.9448652
0.75639766,0.9476309
0.7563883,0.94893295
0.75637895,0.94951165
0.75636965,0.9496682
0.7563603,0.9495991
0.75635093,0.94949484
0.7563416,0.9493761
0.7563323,0.94943
0.7563229,0.9494728
0.75631356,0.9495891
0.7563042,0.9497134
0.7562949,0.9499204
0.75628555,0.9516783
0.7562762,0.9569522
0.75626683,0.9634317
0.75625753,0.9691801
0.7562482,0.973736
0.7562388,0.9764539
0.7562295,0.97682005
0.75622016,0.9757272
0.7562108,0.975154
0.75620145,0.97505206
0.75619215,0.9744331
0.7561828,0.9730569
0.75617343,0.9714438
0.7561641,0.9698749
0.7561548,0.96846265
0.7561454,0.9672481
0.75613606,0.9662336
0.7561267,0.9653822
0.7561174,0.96466935
0.75610805,0.96406186
0.7560987,0.9635923
0.7560893,0.96322095
0.75608003,0.9629274
0.7560707,0.96267766
0.7560613,0.96245277
0.756052,0.9622985
0.75604266,0.96214354
0.7560333,0.96199954
0.75602394,0.9618881
0.75601465,0.9617773
0.7560053,0.96166706
0.7559959,0.9615738
0.7559866,0.9614874
0.7559773,0.9613813
0.7559679,0.96127754
0.75595856,0.9611999
0.7559492,0.9611194
0.7559399,0.9610212
0.75593054,0.96088123
0.7559212,0.960754
0.7559119,0.9606385
0.7559025,0.96051
0.7558932,0.96040964
0.7558838,0.96029854
0.7558745,0.96017104
0.75586516,0.96003056
0.7558558,0.9598933
0.75584644,0.9597429
0.75583714,0.9595767
0.7558278,0.95937765
0.7558184,0.95920646
0.75580907,0.95901585
0.7557998,0.9588287
0.7557904,0.958458
0.75578105,0.9581265
0.7557717,0.9578303
0.7557624,0.95753306
0.75575304,0.95729345
0.7557437,0.957125
0.7557344,0.9569652
0.755725,0.95688975
0.75571567,0.95689344
0.7557063,0.9569675
0.755697,0.957131
0.75568765,0.9573703
0.7556783,0.95775247
0.75566894,0.9581956
0.75565964,0.9586623
0.7556503,0.95917404
0.7556409,0.9597394
0.75563157,0.96030223
0.75562227,0.96086806
0.7556129,0.96109426
0.75560355,0.96118367
0.75559425,0.9616034
0.7555849,0.96180415
0.75557554,0.96140504
0.7555662,0.9608693
0.7555569,0.9603212
0.7555475,0.9597571
0.75553817,0.95918584
0.7555288,0.95860773
0.7555195,0.95805985
0.75551015,0.95748425
0.7555008,0.9568738
0.75549144,0.95623684
0.75548214,0.9555792
0.7554728,0.95490056
0.7554634,0.95421594
0.75545406,0.95355225
0.75544477,0.95279086
0.7554354,0.9519688
0.75542605,0.9511788
0.75541675,0.95033073
0.7554074,0.9494841
0.75539804,0.9487134
0.7553887,0.94816506
0.7553794,0.9474115
0.75537,0.9467292
0.75536066,0.94605005
0.7553513,0.9454313
0.755342,0.9448584
0.75533265,0.9443885
0.7553233,0.9439374
0.75531393,0.94350344
0.75530463,0.94312114
0.7552953,0.9427872
0.7552859,0.9425298
0.75527656,0.94233453
0.75526726,0.9421795
0.7552579,0.9420297
0.75524855,0.941898
0.75523925,0.9417896
0.7552299,0.9417047
0.75522053,0.94159734
0.7552112,0.94150245
0.7552019,0.94143564
0.7551925,0.94128716
0.75518316,0.941121
0.7551738,0.94094896
0.7551645,0.94083524
0.75515515,0.9407696
0.7551458,0.94076127
0.75513643,0.94084543
0.75512713,0.94093484
0.7551178,0.94101244
0.7551084,0.94104517
0.7550991,0.9410233
0.75508976,0.9409807
0.7550804,0.9408832
0.75507104,0.9407384
0.75506175,0.9407227
0.7550524,0.9405787
0.755043,0.9405211
0.7550337,0.94043434
0.7550244,0.9403248
0.755015,0.9401897
0.75500566,0.9400437
0.7549963,0.9399265
0.754987,0.9398208
0.75497764,0.9397252
0.7549683,0.93965125
0.7549589,0.9395499
0.7549496,0.939517
0.7549403,0.939515
0.7549309,0.9394408
0.7549216,0.9393636
0.75491226,0.93927276
0.7549029,0.9390443
0.75489354,0.9391488
0.75488424,0.9392151
0.7548749,0.93922997
0.7548655,0.93923336
0.75485617,0.939183
0.7548469,0.9390864
0.7548375,0.93905735
0.75482816,0.939291
0.7548188,0.940721
0.7548095,0.94259095
0.75480014,0.94478697
0.7547908,0.94562125
0.7547815,0.94468516
0.7547721,0.94501835
0.75476277,0.94709164
0.7547534,0.94899833
0.7547441,0.9510726
0.75473475,0.9537163
0.7547254,0.95174885
0.75471604,0.9496388
0.75470674,0.9499894
0.7546974,0.9504883
0.754688,0.95116377
0.75467867,0.9524899
0.75466937,0.95339525
0.75466,0.94953996
0.75465065,0.946759
0.7546413,0.9460852
0.754632,0.94548154
0.75462264,0.9456714
0.7546133,0.9470794
0.754604,0.9451727
0.7545946,0.9414152
0.75458527,0.9399795
0.7545759,0.9394655
0.7545666,0.93944
0.75455725,0.9405094
0.7545479,0.94328964
0.75453854,0.9393867
0.75452924,0.9361601
0.7545199,0.9355666
0.7545105,0.9344778
0.75450116,0.9337158
0.75449187,0.9337783
0.7544825,0.931648
0.75447315,0.92572284
0.7544638,0.9208833
0.7544545,0.9171329
0.75444514,0.9136286
0.7544358,0.9111874
0.7544265,0.91028893
0.7544171,0.90517884
0.75440776,0.9000463
0.7543984,0.8974439
0.7543891,0.89480305
0.75437975,0.8927691
0.7543704,0.8919451
0.75436103,0.8913503
0.75435174,0.88680637
0.7543424,0.88378257
0.754333,0.8823469
0.75432366,0.8809068
0.75431436,0.8803908
0.754305,0.88124084
0.75429565,0.8793498
0.75428635,0.8760939
0.754277,0.8749556
0.75426763,0.87400985
0.7542583,0.8735875
0.754249,0.87424934
0.7542396,0.8765129
0.75423026,0.8735551
0.7542209,0.87181985
0.7542116,0.8720435
0.75420225,0.87184846
0.7541929,0.8724914
0.75418353,0.8743161
0.75417423,0.87480325
0.7541649,0.8723862
0.7541555,0.8720174
0.75414616,0.8717253
0.75413686,0.8716086
0.7541275,0.87255263
0.75411814,0.8749527
0.75410885,0.8734177
0.7540995,0.8720094
0.75409013,0.87281084
0.7540808,0.872622
0.7540715,0.872987
0.7540621,0.87459195
0.75405276,0.8768099
0.7540434,0.8747454
0.7540341,0.8756157
0.75402474,0.87582445
0.7540154,0.87554413
0.754006,0.8760968
0.75399673,0.8781936
0.7539874,0.87791073
0.753978,0.87703586
0.7539687,0.879713
0.75395936,0.87904996
0.75395,0.87820435
0.75394064,0.87791973
0.75393134,0.8797806
0.753922,0.87740797
0.7539126,0.8759499
0.75390327,0.8771969
0.753894,0.878321
0.7538846,0.87867475
0.75387526,0.8799081
0.7538659,0.87941444
0.7538566,0.8756357
0.75384724,0.8839854
0.7538379,0.8928377
0.7538285,0.8926112
0.7538192,0.89290637
0.75380987,0.8944248
0.7538005,0.89243704
0.7537912,0.89047587
0.75378186,0.8908489
0.7537725,0.8931063
0.75376314,0.89510095
0.75375384,0.89599305
0.7537445,0.8975147
0.7537351,0.8949431
0.75372577,0.89378834
0.75371647,0.8944754
0.7537071,0.89754957
0.75369775,0.8978849
0.7536884,0.898947
0.7536791,0.8977762
0.75366974,0.8952843
0.7536604,0.89456385
0.753651,0.89569783
0.7536417,0.89840746
0.75363237,0.898196
0.753623,0.8996478
0.7536137,0.89693785
0.75360435,0.89511436
0.753595,0.8954569
0.75358564,0.89819264
0.75357634,0.89969677
0.753567,0.9000319
0.7535576,0.8998599
0.75354826,0.89712226
0.75353897,0.89507955
0.7535296,0.8948332
0.75352025,0.89776015
0.7535109,0.8958228
0.7535016,0.89523625
0.75349224,0.8916867
0.7534829,0.88843954
0.7534736,0.8875685
0.7534642,0.88960004
0.75345486,0.8913294
0.7534455,0.89120597
0.7534362,0.8920586
0.75342685,0.88879114
0.7534175,0.8874132
0.75340813,0.88821626
0.75339884,0.89168215
0.7533895,0.89236504
0.7533801,0.89353335
0.75337076,0.8919957
0.75336146,0.88908434
0.7533521,0.8885175
0.75334275,0.8911628
0.7533334,0.8939713
0.7533241,0.89480764
0.75331473,0.89646536
0.7533054,0.8932209
0.7532961,0.89125746
0.7532867,0.89213085
0.75327736,0.89690256
0.753268,0.8986528
0.7532587,0.89967555
0.75324935,0.8990762
0.75324,0.8955426
0.75323063,0.8942108
0.75322133,0.89563566
0.753212,0.9006797
0.7532026,0.90050316
0.75319326,0.90050083
0.75318396,0.8971015
0.7531746,0.8945752
0.75316525,0.8943218
0.7531559,0.89755094
0.7531466,0.900568
0.75313723,0.90011686
0.7531279,0.9003799
0.7531186,0.8971424
0.7531092,0.895701
0.75309986,0.89606595
0.7530905,0.89997566
0.7530812,0.90021217
0.75307184,0.9002696
0.7530625,0.89914423
0.7530531,0.8968921
0.75304383,0.8960828
0.7530345,0.8965696
0.7530251,0.89952976
0.75301576,0.89888775
0.75300646,0.90021855
0.7529971,0.8980487
0.75298774,0.8963978
0.75297844,0.8967236
0.7529691,0.89806086
0.7529597,0.89967513
0.7529504,0.9000173
0.7529411,0.900646
0.7529317,0.8984122
0.75292236,0.8972294
0.752913,0.89739674
0.7529037,0.89945984
0.75289434,0.898953
0.752885,0.90042615
0.7528756,0.89881134
0.7528663,0.8966368
0.75285697,0.89617074
0.7528476,0.89700437
0.75283825,0.8982904
0.75282896,0.8987025
0.7528196,0.90069157
0.75281024,0.8981006
0.75280094,0.8967831
0.7527916,0.8971108
0.7527822,0.89873576
0.75277287,0.8993731
0.75276357,0.9006066
0.7527542,0.8999456
0.75274485,0.8979207
0.7527355,0.8970995
0.7527262,0.8971212
0.75271684,0.89856356
0.7527075,0.8988811
0.7526981,0.90037656
0.7526888,0.89842415
0.75267947,0.89691204
0.7526701,0.89717144
0.7526608,0.8979853
0.75265145,0.8991792
0.7526421,0.9000218
0.75263274,0.9009568
0.75262344,0.8989786
0.7526141,0.8980009
0.7526047,0.8990799
0.75259537,0.9023393
0.75258607,0.90546095
0.7525767,0.9090493
0.75256735,0.9112565
0.752558,0.9121518
0.7525487,0.9124553
0.75253934,0.91257024
0.75253,0.9134052
0.7525206,0.9148936
0.7525113,0.9181623
0.75250196,0.922349
0.7524918,0.91930246
0.7524749,0.917995
0.7524566,0.9186084
0.75243825,0.91779506
0.75241995,0.9167971
0.7524016,0.91658854
0.75238323,0.91762227
0.75236493,0.9146849
0.7523466,0.9121838
0.7523283,0.9114795
0.7523099,0.90947413
0.7522916,0.90786564
0.75227326,0.9006441
0.7522549,0.898414
0.7522366,0.8944713
0.75221825,0.8993831
0.75219995,0.8976508
0.7521816,0.8955759
0.75216323,0.8939404
0.75214493,0.88906276
0.7521266,0.8868843
0.7521083,0.88412416
0.7520899,0.88812196
0.7520716,0.886883
0.75205326,0.88228226
0.7520349,0.88270223
0.7520166,0.88522553
0.75199825,0.8826568
0.75197995,0.8815668
0.7519616,0.88486475
0.75194323,0.8848783
0.75192493,0.8832828
0.7519066,0.88532734
0.7518883,0.88566047
0.7518699,0.8838478
0.75185156,0.8853549
0.75183326,0.8854417
0.7518149,0.8840628
0.7517966,0.8852542
0.75177824,0.8880077
0.75175995,0.88662696
0.7517416,0.8853995
0.75172323,0.8875109
0.75170493,0.8866271
0.7516866,0.887316
0.7516683,0.8891954
0.7516499,0.89118534
0.75163156,0.88950735
0.75161326,0.88886416
0.7515949,0.8904892
0.7515766,0.88974285
0.75155824,0.8907873
0.75153995,0.8935015
0.7515216,0.8939445
0.7515032,0.89201593
0.75148493,0.89233994
0.7514666,0.8915394
0.7514483,0.89184374
0.7514299,0.8941344
0.75141156,0.89692473
0.75139326,0.8949696
0.7513749,0.8939487
0.7513566,0.894408
0.75133824,0.89468086
0.75131994,0.89640796
0.7513016,0.89826
0.7512832,0.89871854
0.7512649,0.8970738
0.7512466,0.8963078
0.7512283,0.8963739
0.7512099,0.89697903
0.75119156,0.89770436
0.75117326,0.8993818
0.7511549,0.8973974
0.7511366,0.8970252
0.75111824,0.8973725
0.75109994,0.89738905
0.7510816,0.89794123
0.7510632,0.89780635
0.7510449,0.8950013
0.7510266,0.8890699
0.7510083,0.8984661
0.7509899,0.89846945
0.75097156,0.89866143
0.75095326,0.89841515
0.7509349,0.88230956
0.7509166,0.70208204
0.75089824,0.74791545
0.75087994,0.89842296
0.7508616,0.8982636
0.7508432,0.8963553
0.7508249,0.6490164
0.75080657,0.6559408
0.7507883,0.65297425
0.7507699,0.6493335
0.75075155,0.8992814
0.75073326,0.8980683
0.7507149,0.64230114
0.7506966,0.6497662
0.75067824,0.6535716
0.7506599,0.6495778
0.7506416,0.6432203
0.7506232,0.63763523
0.7506049,0.63702554
0.75058657,0.64245486
0.7505683,0.65278536
0.7505499,0.6514116
0.75053155,0.64549726
0.75051326,0.6402164
0.7504949,0.63781834
0.7504766,0.9000043
0.75045824,0.90139484
0.7504399,0.9031724
0.7504216,0.9002708
0.7504032,0.6451431
0.7503849,0.6389448
0.75036657,0.6371201
0.75034827,0.6414236
0.7503299,0.65082663
0.75031155,0.6517563
0.75029325,0.64685315
0.7502749,0.64083
0.7502566,0.6358428
0.75023824,0.63632643
0.7502199,0.6427201
0.7502016,0.65384436
0.7501832,0.6512301
0.7501649,0.6444899
0.75014657,0.6395621
0.75012827,0.6371217
0.7501099,0.6403359
0.75009155,0.6488517
0.75007325,0.65313077
0.7500549,0.64930874
0.7500366,0.6429967
0.75001824,0.63729095
0.7499999,0.6364432
0.7499816,0.6416869
0.7499632,0.6519027
0.7499449,0.6508116
0.74992657,0.6450691
0.74990827,0.63970196
0.7498899,0.6358431
0.74987155,0.63755244
0.74985325,0.64483005
0.7498349,0.653752
0.7498166,0.6508969
0.74979824,0.6441728
0.7497799,0.6383342
0.7497616,0.6363121
0.7497432,0.6403713
0.7497249,0.6495646
0.74970657,0.6506109
0.74968827,0.6458695
0.7496699,0.6398594
0.74965155,0.6347759
0.74963325,0.63519675
0.7496149,0.64145696
0.7495966,0.6524176
0.74957824,0.65054935
0.7495599,0.6441222
0.7495416,0.63948226
0.7495232,0.6369439
0.7495049,0.6399275
0.74948657,0.64824635
0.7494682,0.6529321
0.7494499,0.6494044
0.74943155,0.64329255
0.74941325,0.6377432
0.7493949,0.63694185
0.7493766,0.6423619
0.74935824,0.652807
0.7493399,0.65297395
0.7493216,0.65008694
0.7493032,0.6646378
0.7492849,0.75000334
0.74926656,0.87861365
0.7492482,0.88863826
0.7492299,0.89306486
0.74921155,0.8886963
0.74919325,0.87014717
0.7491749,0.6643415
0.7491566,0.6603501
0.74913824,0.8974225
0.7491199,0.8997059
0.7491016,0.89940476
0.7490832,0.89747864
0.7490649,0.8966637
0.74904656,0.8963138
0.7490282,0.8961574
0.7490099,0.896996
0.74899155,0.89931464
0.74897325,0.8973292
0.7489549,0.8957931
0.7489366,0.896094
0.74891824,0.8961308
0.7488999,0.8966196
0.7488816,0.89818114
0.7488632,0.89904696
0.7488449,0.8969457
0.74882656,0.8958083
0.7488082,0.89562154
0.7487899,0.8954354
0.74877155,0.8960846
0.74875325,0.89802873
0.7487349,0.89666086
0.7487166,0.8947878
0.74869823,0.89436543
0.7486799,0.8940308
0.7486616,0.89402115
0.7486432,0.89509416
0.7486249,0.8974087
0.74860656,0.8951405
0.7485882,0.89386976
0.7485699,0.89410365
0.74855155,0.8940959
0.74853325,0.89474964
0.7485149,0.89660645
0.7484966,0.89643407
0.74847823,0.89449984
0.7484599,0.8936766
0.7484416,0.89338315
0.7484232,0.8932643
0.7484049,0.8941066
0.74838656,0.89641726
0.7483682,0.8944894
0.7483499,0.89295626
0.74833155,0.89327055
0.74831325,0.8933602
0.7482949,0.8939252
0.74827653,0.89558697
0.74825823,0.8967637
0.7482399,0.8947337
0.7482216,0.89370173
0.7482032,0.89371884
0.7481849,0.89371276
0.74816656,0.89447623
0.7481482,0.89656675
0.7481299,0.8954463
0.74811155,0.8936168
0.74809325,0.8934121
0.7480749,0.8143312
0.74805653,0.64954954
0.74803823,0.6643125
0.7480199,0.67512906
0.7480016,0.90684456
0.7479832,0.90726846
0.7479649,0.90733546
0.74794656,0.9068555
0.7479282,0.9075959
0.7479099,0.91000855
0.74789155,0.91413563
0.74787325,0.9168328
0.7478549,0.9140337
0.7478365,0.9144976
0.74781805,0.9144542
0.74779963,0.91377425
0.7477812,0.91341245
0.7477628,0.91395044
0.7477444,0.91418695
0.74772596,0.91088074
0.74770755,0.9078289
0.7476891,0.9060501
0.7476707,0.9040551
0.7476523,0.9026606
0.7476339,0.90249485
0.74761546,0.8991685
0.74759704,0.894943
0.7475786,0.89226454
0.7475602,0.89003396
0.7475418,0.8881825
0.74752337,0.88751507
0.74750495,0.8886465
0.74748653,0.8846873
0.7474681,0.8820111
0.7474497,0.8813734
0.7474313,0.88068783
0.74741286,0.88072264
0.74739444,0.88208425
0.747376,0.88168883
0.7473576,0.8790535
0.7473392,0.87785435
0.7473208,0.8774921
0.74730235,0.87732935
0.74728394,0.8781817
0.7472655,0.88057536
0.7472471,0.8787611
0.7472287,0.877112
0.74721026,0.87750745
0.74719185,0.8778456
0.7471734,0.87861544
0.747155,0.8805302
0.7471366,0.8824571
0.7471182,0.88046014
0.74709976,0.8796791
0.74708134,0.8802298
0.7470629,0.8807136
0.7470445,0.8819395
0.7470261,0.88450545
0.74700767,0.8840004
0.74698925,0.8824179
0.74697083,0.88234556
0.7469524,0.88260823
0.746934,0.883072
0.7469156,0.88450474
0.74689716,0.8875534
0.7468788,0.8855619
0.7468604,0.88453835
0.74684197,0.88543004
0.74682355,0.8859866
0.74680513,0.88706803
0.7467867,0.889291
0.7467683,0.88999313
0.7467499,0.8882253
0.74673146,0.88763195
0.74671304,0.8877752
0.7466946,0.8879534
0.7466762,0.8889936
0.7466578,0.89145523
0.7466394,0.89000213
0.74662095,0.8885492
0.74660254,0.8888227
0.7465841,0.88898236
0.7465657,0.889503
0.7465473,0.8911007
0.74652886,0.8929984
0.74651045,0.8909284
0.746492,0.8899423
0.7464736,0.8902654
0.7464552,0.89042306
0.7464368,0.8912951
0.74641836,0.89346564
0.74639994,0.89287835
0.7463815,0.89107966
0.7463631,0.89062923
0.7463447,0.89048815
0.74632627,0.8906075
0.74630785,0.89176005
0.74628943,0.8944942
0.746271,0.892435
0.7462526,0.8911672
0.7462342,0.89183736
0.74621576,0.8921917
0.74619734,0.8930112
0.7461789,0.89495933
0.7461605,0.8956269
0.7461421,0.89371073
0.7461237,0.8928514
0.74610525,0.8927925
0.74608684,0.8927495
0.7460684,0.8935883
0.74605,0.8958313
0.7460316,0.8943197
0.74601316,0.8926185
0.74599475,0.8925584
0.7459763,0.89247566
0.7459579,0.8927719
0.7459395,0.89409816
0.7459211,0.89599
0.74590266,0.89374214
0.74588424,0.8925045
0.7458658,0.8926307
0.7458474,0.8925849
0.745829,0.8932665
0.74581057,0.89519787
0.74579215,0.8945882
0.74577373,0.89261794
0.7457553,0.89189017
0.7457369,0.8915429
0.7457185,0.8914196
0.74570006,0.8923328
0.7456817,0.89479965
0.7456633,0.89262676
0.74564487,0.89113533
0.74562645,0.89163196
0.74560803,0.8917994
0.7455896,0.8924441
0.7455712,0.8942579
0.7455528,0.89503676
0.74553436,0.8930643
0.74551594,0.8920949
0.7454975,0.89199746
0.7454791,0.8918854
0.7454607,0.8926153
0.7454423,0.8947282
0.74542385,0.89323986
0.74540544,0.89143217
0.745387,0.89123946
0.7453686,0.8911161
0.7453502,0.89135087
0.74533176,0.8926345
0.74531335,0.89471716
0.7452949,0.89243686
0.7452765,0.891179
0.7452581,0.8913625
0.7452397,0.89134836
0.74522126,0.8920173
0.74520284,0.8939627
0.7451844,0.89349574
0.745166,0.8914847
0.7451476,0.8907113
0.74512917,0.8904165
0.74511075,0.8903047
0.74509233,0.8911752
0.7450739,0.8935984
0.7450555,0.89150167
0.7450371,0.890001
0.74501866,0.8904804
0.74500024,0.89064306
0.7449818,0.8912404
0.7449634,0.8929628
0.744945,0.8938195
0.7449266,0.8917386
0.74490815,0.8906878
0.74488974,0.8905942
0.7448713,0.8904958
0.7448529,0.8912356
0.7448345,0.8933159
0.74481606,0.8919189
0.74479765,0.8900946
0.7447792,0.88981533
0.7447608,0.88958156
0.7447424,0.88969845
0.744724,0.89091665
0.74470556,0.8931843
0.74468714,0.8908843
0.7446687,0.8896294
0.7446503,0.8898746
0.7446319,0.88989985
0.74461347,0.89056313
0.74459505,0.8924677
0.74457663,0.8921367
0.7445582,0.890146
0.7445398,0.8893388
0.7445214,0.8890399
0.74450296,0.8888835
0.7444846,0.88968253
0.7444662,0.8919792
0.74444777,0.8898611
0.74442935,0.8882978
0.74441093,0.88871557
0.7443925,0.8888761
0.7443741,0.88946235
0.7443557,0.8911771
0.74433726,0.89220583
0.74431884,0.89010906
0.7443004,0.8890707
0.744282,0.8890684
0.7442636,0.889036
0.7442452,0.88981724
0.74422675,0.89195806
0.74420834,0.890681
0.7441899,0.88883966
0.7441715,0.8885051
0.7441531,0.8882855
0.74413466,0.88836044
0.74411625,0.88951063
0.7440978,0.8919627
0.7440794,0.8896122
0.744061,0.88831794
0.7440426,0.8886157
0.74402416,0.88867956
0.74400574,0.889333
0.7439873,0.89126176
0.7439689,0.89106876
0.7439505,0.8890223
0.74393207,0.8881907
0.74391365,0.8879566
0.74389523,0.8878182
0.7438768,0.8886082
0.7438584,0.89094007
0.74384,0.88890934
0.74382156,0.88726044
0.74380314,0.8875849
0.7437847,0.8876773
0.7437663,0.8881862
0.7437479,0.8898352
0.7437295,0.8910081
0.74371105,0.8887992
0.74369264,0.8876558
0.7436742,0.88761944
0.7436558,0.8874786
0.7436374,0.888147
0.74361897,0.8902186
0.74360055,0.88895094
0.7435821,0.88697827
0.7435637,0.88652265
0.7435453,0.8862274
0.7435269,0.886186
0.74350846,0.88723993
0.74349004,0.8898761
0.7434716,0.8874251
0.7434532,0.8860636
0.7434348,0.8873088
0.74341637,0.8895464
0.74339795,0.8933581
0.74337953,0.8980046
0.7433611,0.90088457
0.7433427,0.9019189
0.7433243,0.90205336
0.74330586,0.90216583
0.7432875,0.90178156
0.7432691,0.9031252
0.74325067,0.9063015
0.74323225,0.9110968
0.74321383,0.91079664
0.7431971,0.90869045
0.74318147,0.9091643
0.7431658,0.9083878
0.7431501,0.90748906
0.74313444,0.90727603
0.74311876,0.90826714
0.74310315,0.90614367
0.7430875,0.90289515
0.7430718,0.9006745
0.7430561,0.89879465
0.74304044,0.8969566
0.74302477,0.89598787
0.74300915,0.89647686
0.7429935,0.89191043
0.7429778,0.8884476
0.7429621,0.88690054
0.74294645,0.88521564
0.7429308,0.88421595
0.74291515,0.8846177
0.7428995,0.8831184
0.7428838,0.87963426
0.7428681,0.87764114
0.7428525,0.8765359
0.74283683,0.87566817
0.74282116,0.8758614
0.7428055,0.87770146
0.7427898,0.87516946
0.7427742,0.87299013
0.7427585,0.8730133
0.74274284,0.8729882
0.74272716,0.8734112
0.7427115,0.8750622
0.7426958,0.8765137
0.7426802,0.8742298
0.7426645,0.87323755
0.74264884,0.87361515
0.74263316,0.87392664
0.7426175,0.8750112
0.7426019,0.87750363
0.7425862,0.8766997
0.7425705,0.8749795
0.74255484,0.8749067
0.74253917,0.87509376
0.74252355,0.87552726
0.7425079,0.8770256
0.7424922,0.8802393
0.7424765,0.87817585
0.74246085,0.87720805
0.74244523,0.8781748
0.74242955,0.878829
0.7424139,0.8800019
0.7423982,0.8823866
0.7423825,0.88295865
0.74236685,0.8811913
0.74235123,0.88069636
0.74233556,0.88094544
0.7423199,0.8812372
0.7423042,0.8824347
0.74228853,0.88511837
0.7422729,0.8835129
0.74225724,0.8820598
0.74224156,0.8825148
0.7422259,0.8828336
0.7422102,0.8835107
0.7421946,0.88531435
0.7421789,0.88711774
0.74216324,0.8850212
0.74214756,0.8840456
0.7421319,0.8843658
0.7421163,0.88451505
0.7421006,0.88541925
0.7420849,0.8876381
0.74206924,0.8868259
0.74205357,0.8849491
0.7420379,0.88453215
0.7420223,0.88443244
0.7420066,0.88453746
0.7419909,0.88567877
0.74197525,0.8884811
0.7419596,0.88625324
0.74194396,0.88496566
0.7419283,0.88558817
0.7419126,0.8858747
0.7418969,0.88670313
0.74188125,0.88871706
0.74186563,0.88918567
0.74184996,0.88721216
0.7418343,0.88640237
0.7418186,0.8863624
0.74180293,0.8863439
0.7417873,0.8872407
0.74177164,0.8895825
0.74175596,0.88789266
0.7417403,0.8862157
0.7417246,0.8863102
0.74170893,0.8863414
0.7416933,0.88668275
0.74167764,0.88810486
0.74166197,0.8898844
0.7416463,0.88762647
0.7416306,0.8864306
0.741615,0.88659775
0.7415993,0.88657874
0.74158365,0.8872447
0.74156797,0.88921493
0.7415523,0.88835675
0.7415367,0.88629687
0.741521,0.88559806
0.7415053,0.8852798
0.74148965,0.88511825
0.741474,0.8859905
0.74145836,0.888502
0.7414427,0.88616157
0.741427,0.8846897
0.7414113,0.88522506
0.74139565,0.8854081
0.74138,0.8860451
0.74136436,0.88786316
0.7413487,0.88838136
0.741333,0.88630706
0.74131733,0.88536453
0.74130166,0.88528705
0.74128604,0.88520825
0.74127036,0.886003
0.7412547,0.88827074
0.741239,0.8866868
0.74122334,0.88493276
0.7412077,0.8848684
0.74119204,0.8847593
0.74117637,0.88496774
0.7411607,0.8862879
0.741145,0.8882243
0.74112934,0.885921
0.7411137,0.8846835
0.74109805,0.8848606
0.7410824,0.88481957
0.7410667,0.88545877
0.741051,0.88743466
0.7410354,0.8867848
0.7410197,0.8847983
0.74100405,0.88411313
0.7409884,0.8838176
0.7409727,0.8836816
0.7409571,0.88453114
0.7409414,0.88701326
0.7409257,0.88477516
0.74091005,0.8833035
0.7408944,0.88388884
0.74087876,0.8841475
0.7408631,0.88487375
0.7408474,0.88679516
0.74083173,0.8875542
0.74081606,0.8855084
0.7408004,0.8846258
0.74078476,0.88465124
0.7407691,0.884661
0.7407534,0.8855369
0.74073774,0.8878723
0.74072206,0.8864336
0.74070644,0.8846947
0.74069077,0.88464034
0.7406751,0.8846106
0.7406594,0.88488775
0.74064374,0.8862651
0.7406281,0.8885198
0.74061245,0.8862607
0.7405968,0.8850349
0.7405811,0.8852861
0.7405654,0.8853119
0.7405498,0.8859836
0.7405341,0.8879286
0.74051845,0.88734996
0.7405028,0.88524556
0.7404871,0.88444436
0.7404714,0.8841265
0.7404558,0.8839322
0.74044013,0.8847469
0.74042445,0.88714427
0.7404088,0.8848536
0.7403931,0.8832341
0.7403775,0.88374466
0.7403618,0.8839176
0.74034613,0.8845127
0.74033046,0.88625216
0.7403148,0.88707346
0.74029917,0.88488865
0.7402835,0.88382524
0.7402678,0.88379204
0.74025214,0.8836919
0.74023646,0.8844422
0.74022084,0.88664365
0.74020517,0.8851895
0.7401895,0.8833087
0.7401738,0.88306594
0.74015814,0.8829105
0.74014246,0.8830167
0.74012685,0.8842224
0.7401112,0.8865105
0.7400955,0.88408095
0.7400798,0.882752
0.74006414,0.88302743
0.7400485,0.88307047
0.74003285,0.88373697
0.7400172,0.8856621
0.7400015,0.8852338
0.7399858,0.8831608
0.7399702,0.8822843
0.73995453,0.88193405
0.73993886,0.88169336
0.7399232,0.8824055
0.7399075,0.8847004
0.7398919,0.8823841
0.7398762,0.8806215
0.73986053,0.88094926
0.73984486,0.8810373
0.7398292,0.88155574
0.7398135,0.88324904
0.7397979,0.8842317
0.7397822,0.88197166
0.73976654,0.88084686
0.73975086,0.8808054
0.7397352,0.88063776
0.73971957,0.8813031
0.7397039,0.8834291
0.7396882,0.8820781
0.73967254,0.8801809
0.73965687,0.87988245
0.73964125,0.87970865
0.7396256,0.8797358
0.7396099,0.8808234
0.7395942,0.88324827
0.73957855,0.8806956
0.73956287,0.8793091
0.73954725,0.87963545
0.7395316,0.87964463
0.7395159,0.8802874
0.7395002,0.8822554
0.73948455,0.8820132
0.73946893,0.8800224
0.73945326,0.87929374
0.7394376,0.88028294
0.7394219,0.8824675
0.7394062,0.8865787
0.7393906,0.89021975
0.73937494,0.89178526
0.73935926,0.89182246
0.7393436,0.8912722
0.7393279,0.8902813
0.7393123,0.8898652
0.7392966,0.89178705
0.73928094,0.8960842
0.73926526,0.90106225
0.73924965,0.8990109
0.7392344,0.89902127
0.7392191,0.8992286
0.7392039,0.8983643
0.7391886,0.897668
0.73917335,0.8978828
0.7391581,0.8989482
0.73914284,0.89535314
0.73912764,0.89204776
0.7391124,0.89035875
0.7390971,0.8882781
0.73908186,0.88658565
0.7390666,0.8860729
0.73905134,0.88317704
0.7390361,0.8787402
0.7390209,0.87574726
0.7390056,0.8734676
0.73899037,0.8714031
0.7389751,0.87050813
0.73895985,0.8713987
0.7389446,0.86774254
0.73892933,0.86495936
0.73891413,0.86457753
0.7388989,0.8639537
0.7388836,0.86384386
0.73886836,0.86506915
0.7388531,0.8656851
0.73883784,0.8631123
0.7388226,0.8620483
0.7388074,0.86222994
0.7387921,0.8623079
0.73877686,0.8632089
0.7387616,0.8656119
0.73874635,0.8643575
0.7387311,0.86270785
0.7387158,0.8629223
0.7387006,0.86324435
0.73868537,0.86379707
0.7386701,0.86550856
0.73865485,0.86881155
0.7386396,0.8668942
0.73862433,0.86633873
0.7386091,0.867553
0.7385938,0.868358
0.7385786,0.86966634
0.73856336,0.87227976
0.7385481,0.8726437
0.73853284,0.8711565
0.7385176,0.8710441
0.7385023,0.8714363
0.73848706,0.871791
0.73847187,0.8730855
0.7384566,0.87600243
0.73844135,0.8743961
0.7384261,0.8733135
0.73841083,0.8742091
0.7383956,0.8747603
0.7383803,0.8756286
0.7383651,0.8776476
0.73834985,0.87927336
0.7383346,0.8774467
0.73831934,0.8768219
0.7383041,0.87728965
0.7382888,0.87751865
0.73827356,0.87846893
0.73825836,0.8808863
0.7382431,0.8799499
0.73822784,0.8783827
0.7382126,0.87834775
0.7381973,0.87837136
0.73818207,0.87856615
0.7381668,0.8798553
0.7381516,0.8829396
0.73813635,0.880817
0.7381211,0.87992024
0.73810583,0.8807477
0.7380906,0.8811051
0.7380753,0.8819331
0.73806006,0.8840058
0.7380448,0.8841715
0.7380296,0.88234246
0.73801434,0.8817057
0.7379991,0.8816624
0.7379838,0.88158804
0.73796856,0.8824141
0.7379533,0.88480395
0.73793805,0.8829546
0.73792285,0.8814557
0.7379076,0.88180035
0.7378923,0.881869
0.7378771,0.8822406
0.7378618,0.8837532
0.73784655,0.8851661
0.7378313,0.8830163
0.7378161,0.88197005
0.73780084,0.882082
0.7377856,0.8819753
0.7377703,0.88259983
0.73775506,0.8846581
0.7377398,0.8836057
0.73772454,0.88175035
0.73770934,0.8813237
0.7376941,0.88105136
0.7376788,0.88093907
0.73766357,0.8819401
0.7376483,0.8846883
0.73763305,0.8824191
0.7376178,0.8812132
0.7376026,0.88179535
0.73758733,0.88195115
0.7375721,0.88259053
0.7375568,0.8844679
0.73754156,0.8846462
0.7375263,0.8826647
0.73751104,0.88183534
0.73749584,0.8816884
0.7374806,0.88157403
0.7374653,0.8823749
0.73745006,0.8846747
0.7374348,0.8828761
0.73741955,0.8812641
0.7374043,0.8814292
0.737389,0.8813355
0.7373738,0.8815639
0.73735857,0.882951
0.7373433,0.88447225
0.73732805,0.882222
0.7373128,0.88110137
0.73729753,0.8812457
0.7372823,0.88116413
0.7372671,0.8817953
0.7372518,0.88381624
0.73723656,0.8828619
0.7372213,0.8809509
0.73720604,0.880411
0.7371908,0.88007236
0.7371755,0.8798474
0.7371603,0.88069546
0.73714507,0.88329744
0.7371298,0.88103366
0.73711455,0.8797131
0.7370993,0.8802862
0.73708403,0.8803909
0.7370688,0.8809408
0.7370536,0.8827245
0.7370383,0.8830205
0.73702306,0.880944
0.7370078,0.8799472
0.73699254,0.87967575
0.7369773,0.8793681
0.736962,0.879952
0.7369468,0.88208663
0.73693156,0.8803525
0.7369163,0.8786752
0.73690104,0.87862295
0.7368858,0.8783566
0.7368705,0.87835944
0.73685527,0.8795055
0.73684007,0.8811121
0.7368248,0.8788447
0.73680955,0.87769717
0.7367943,0.87782586
0.73677903,0.87764955
0.7367638,0.87818885
0.7367485,0.88011533
0.73673326,0.87933624
0.73671806,0.8774924
0.7367028,0.87697226
0.73668754,0.8766835
0.7366723,0.8765021
0.736657,0.87739
0.73664176,0.88007945
0.7366265,0.87803966
0.7366113,0.87688816
0.73659605,0.8776759
0.7365808,0.8779652
0.73656553,0.8786795
0.7365503,0.88064903
0.736535,0.88135487
0.73651975,0.8795615
0.73650455,0.8787936
0.7364893,0.87876165
0.73647404,0.87857085
0.7364588,0.87924355
0.7364435,0.88149023
0.73642826,0.8800098
0.736413,0.8784852
0.7363978,0.8784913
0.73638254,0.87827647
0.7363673,0.8783116
0.736352,0.87954175
0.73633677,0.88148206
0.7363215,0.8793621
0.73630625,0.8783227
0.73629105,0.87862486
0.7362758,0.87855643
0.73626053,0.87911946
0.7362453,0.88106185
0.73623,0.8803957
0.73621476,0.87854654
0.7361995,0.8779857
0.73618424,0.87775886
0.73616904,0.87759906
0.7361538,0.8784695
0.7361385,0.88104385
0.73612326,0.87900364
0.736108,0.87777096
0.73609275,0.8785076
0.7360775,0.8787711
0.7360623,0.8794119
0.736047,0.8812539
0.7360318,0.8820345
0.7360165,0.8801793
0.73600125,0.8793892
0.735986,0.8793693
0.73597074,0.8792137
0.73595554,0.87993217
0.7359403,0.88218224
0.735925,0.88079077
0.73590976,0.8792434
0.7358945,0.8792113
0.73587924,0.8790334
0.735864,0.87899375
0.7358488,0.88017184
0.7358335,0.8822454
0.73581827,0.8799645
0.735803,0.878884
0.73578775,0.8792839
0.7357725,0.8793849
0.73575723,0.8800933
0.73574203,0.88212836
0.7357268,0.88170886
0.7357115,0.87990785
0.73569626,0.87929523
0.735681,0.8790478
0.73566574,0.87887216
0.7356505,0.879684
0.7356353,0.882134
0.73562,0.8800064
0.73560476,0.87859064
0.7355895,0.87989855
0.73557425,0.88207006
0.735559,0.8856828
0.7355437,0.890543
0.73552847,0.8938831
0.73551327,0.8953114
0.735498,0.8955319
0.73548275,0.89554596
0.7354675,0.89506674
0.73545223,0.8963623
0.735437,0.8997232
0.7354217,0.90505016
0.7354065,0.9068938
0.7353973,0.9047402
0.73539555,0.9050546
0.7353939,0.90523016
0.7353922,0.9047278
0.73539054,0.90453684
0.7353889,0.9054733
0.7353872,0.90757924
0.73538554,0.90887606
0.73538387,0.90871537
0.7353822,0.9073077
0.73538053,0.9054008
0.73537886,0.90372896
0.7353772,0.90296185
0.7353755,0.90309125
0.73537385,0.9039067
0.7353722,0.9054419
0.7353705,0.9074248
0.73536885,0.9099058
0.7353672,0.9126148
0.7353655,0.91570395
0.73536384,0.91894007
0.73536223,0.9224118
0.73536056,0.92583394
0.7353589,0.9292867
0.7353572,0.932474
0.73535556,0.93544364
0.7353539,0.9379808
0.7353522,0.94016737
0.73535055,0.9420575
0.7353489,0.9436301
0.7353472,0.94509214
0.73534554,0.9463694
0.7353439,0.94762474
0.7353422,0.9487107
0.73534054,0.94980407
0.73533887,0.9507431
0.7353372,0.9516845
0.7353355,0.95248395
0.73533386,0.95332706
0.7353322,0.9540098
0.7353305,0.95469683
0.73532885,0.9552433
0.7353272,0.95575356
0.7353255,0.9562423
0.73532385,0.9566232
0.7353222,0.95704836
0.7353205,0.95739836
0.73531884,0.9577683
0.7353172,0.9580234
0.7353155,0.9583273
0.73531383,0.95854735
0.73531216,0.9588167
0.7353105,0.95896804
0.7353088,0.9591598
0.73530716,0.95924515
0.7353055,0.95935833
0.7353038,0.9593749
0.73530215,0.9593612
0.7353005,0.95935535
0.7352988,0.9592502
0.73529714,0.9591647
0.7352955,0.9589827
0.7352938,0.95883954
0.73529214,0.9585993
0.73529047,0.958411
0.7352888,0.95812404
0.73528713,0.95787656
0.73528546,0.9573942
0.7352838,0.9567804
0.7352821,0.95570976
0.73528045,0.95430446
0.7352788,0.9519394
0.7352771,0.948357
0.73527545,0.94607717
0.7352738,0.94458175
0.7352721,0.9429784
0.73527044,0.941179
0.7352688,0.93922055
0.7352671,0.9369602
0.73526543,0.93442345
0.73526376,0.9314502
0.7352621,0.9282299
0.7352604,0.9246733
0.73525876,0.9211341
0.7352571,0.9175731
0.7352554,0.91431713
0.73525375,0.91121536
0.7352521,0.9084801
0.7352504,0.90599
0.73524874,0.9036785
0.7352471,0.90163785
0.73524547,0.89955586
0.7352438,0.89747095
0.7352421,0.89523166
0.73524046,0.8931054
0.7352388,0.8909185
0.7352371,0.88878274
0.73523545,0.88652253
0.7352338,0.88438416
0.7352321,0.88218987
0.73523045,0.8801633
0.7352288,0.8782182
0.7352271,0.8765253
0.73522544,0.87508965
0.73522377,0.8738704
0.7352221,0.8728937
0.73522043,0.87203276
0.73521876,0.8714018
0.7352171,0.87081516
0.7352154,0.8704116
0.73521376,0.8700763
0.7352121,0.86995053
0.7352104,0.86982334
0.73520875,0.8698857
0.7352071,0.8700178
0.7352054,0.8703877
0.73520374,0.8708297
0.7352021,0.87141705
0.7352004,0.87216634
0.73519874,0.87302494
0.73519707,0.87407506
0.7351954,0.8751626
0.7351937,0.8764403
0.73519206,0.8778413
0.7351904,0.87953854
0.7351887,0.8812454
0.73518705,0.88362753
0.7351854,0.88798547
0.7351837,0.89251363
0.73518205,0.89709413
0.7351804,0.9005407
0.7351787,0.9017165
0.73517704,0.9025187
0.7351754,0.9033748
0.7351737,0.90343213
0.73517203,0.902971
0.73517036,0.90227175
0.7351687,0.9014295
0.735167,0.9005373
0.73516536,0.89976764
0.7351637,0.8990796
0.735162,0.89847016
0.73516035,0.89792216
0.7351587,0.89744806
0.735157,0.89693874
0.73515534,0.896106
0.7351537,0.896346
0.735152,0.89654773
0.73515034,0.8964197
0.73514867,0.8961343
0.735147,0.8958327
0.73514533,0.8955679
0.73514366,0.895306
0.735142,0.8951272
0.7351403,0.89495075
0.73513865,0.8948178
0.735137,0.8946956
0.7351353,0.8946072
0.73513365,0.8941161
0.735132,0.89367074
0.7351303,0.8939481
0.7351287,0.893998
0.73512703,0.8938103
0.73512536,0.8935508
0.7351237,0.89325976
0.735122,0.8929604
0.73512036,0.8927326
0.7351187,0.89251345
0.735117,0.8923346
0.73511535,0.8921695
0.7351137,0.8920311
0.735112,0.8917631
0.73511034,0.8875786
0.7351087,0.88664
0.735107,0.88663685
0.73510534,0.88678116
0.73510367,0.88650244
0.735102,0.8862057
0.7351003,0.8857108
0.73509866,0.88510346
0.735097,0.88445234
0.7350953,0.88378084
0.73509365,0.88317
0.735092,0.8825757
0.7350903,0.88202447
0.73508865,0.881487
0.735087,0.88096064
0.7350853,0.88048244
0.73508364,0.8812933
0.735082,0.88152236
0.7350803,0.8813678
0.73507863,0.88100225
0.73507696,0.88052154
0.7350753,0.88001275
0.7350736,0.87959427
0.73507196,0.8792262
0.7350703,0.8789888
0.7350686,0.87880445
0.73506695,0.8787334
0.7350653,0.8787326
0.7350636,0.87882596
0.73506194,0.8797444
0.7350603,0.8829186
0.7350586,0.8872943
0.73505694,0.89170855
0.73505527,0.895617
0.7350536,0.8986933
0.73505193,0.90021586
0.73505026,0.90046793
0.7350486,0.9010358
0.7350469,0.90203184
0.73504525,0.90221274
0.7350436,0.9013997
0.7350419,0.90014136
0.73504025,0.8987759
0.7350386,0.8975822
0.7350369,0.8965308
0.73503524,0.89564943
0.7350336,0.8949463
0.7350319,0.89436376
0.73503023,0.8939126
0.73502856,0.8936064
0.7350269,0.893396
0.7350252,0.89323413
0.73502356,0.89308846
0.7350219,0.8929731
0.7350202,0.8929125
0.73501855,0.89285463
0.7350169,0.89277875
0.7350152,0.8927115
0.73501354,0.8926188
0.73501194,0.89252913
0.73501027,0.8924513
0.7350086,0.89238834
0.7350069,0.8923185
0.73500526,0.8922443
0.7350036,0.8921866
0.7350019,0.89212656
0.73500025,0.89206177
0.7349986,0.8919915
0.7349969,0.8919314
0.73499525,0.8918717
0.7349936,0.8918063
0.7349919,0.8917558
0.73499024,0.8917002
0.7349886,0.8916447
0.7349869,0.89158505
0.73498523,0.89152217
0.73498356,0.89145005
0.7349819,0.8913664
0.7349802,0.8912896
0.73497856,0.8912531
0.7349769,0.8912164
0.7349752,0.8911707
0.73497355,0.8910208
0.7349719,0.8909264
0.7349702,0.8908738
0.73496854,0.89082277
0.7349669,0.89082325
0.7349652,0.89089394
0.73496354,0.89099157
0.73496187,0.89113617
0.7349602,0.89132124
0.7349585,0.8915716
0.73495686,0.89190173
0.7349552,0.89229923
0.7349535,0.8927897
0.73495185,0.89329696
0.7349502,0.8938104
0.7349485,0.89432967
0.73494685,0.8948547
0.7349452,0.8953732
0.7349435,0.89590573
0.73494184,0.89610565
0.7349402,0.896345
0.7349385,0.8969073
0.73493683,0.8971098
0.73493516,0.89681983
0.7349335,0.896517
0.7349318,0.89631224
0.73493016,0.8961396
0.7349285,0.8959948
0.7349268,0.89590555
0.73492515,0.8958212
0.7349235,0.89576006
0.7349218,0.8957
0.73492014,0.8956324
0.7349185,0.8955858
0.7349168,0.8955772
0.73491514,0.8955777
0.73491347,0.89558154
0.7349118,0.8955833
0.73491013,0.89557064
0.73490846,0.895612
0.7349068,0.8955703
0.7349051,0.8955365
0.73490345,0.89552623
0.7349018,0.8956563
0.7349001,0.89567405
0.73489845,0.8957203
0.73489684,0.89572024
0.73489517,0.8957096
0.7348935,0.8957056
0.73489183,0.8956996
0.73489016,0.89568496
0.7348885,0.8956693
0.7348868,0.8956561
0.73488516,0.89564145
0.7348835,0.8956469
0.7348818,0.8956603
0.73488015,0.89568704
0.7348785,0.8957101
0.7348768,0.8957244
0.73487514,0.8957193
0.7348735,0.8957153
0.7348718,0.89570975
0.73487014,0.89569795
0.73486847,0.8957087
0.7348668,0.89562845
0.7348651,0.8955457
0.73486346,0.8954456
0.7348618,0.8954316
0.7348601,0.89542896
0.73485845,0.89546514
0.7348568,0.8955697
0.7348551,0.8956815
0.73485345,0.8957754
0.7348518,0.8958415
0.7348501,0.8958403
0.73484844,0.8958138
0.7348468,0.8957277
0.7348451,0.8955938
0.73484343,0.89554983
0.73484176,0.8953838
0.7348401,0.8952599
0.7348384,0.89512265
0.73483676,0.8949766
0.7348351,0.8948313
0.7348334,0.89468926
0.73483175,0.8945789
0.7348301,0.8944789
0.7348284,0.89438534
0.73482674,0.8943166
0.7348251,0.89422977
0.7348234,0.8941792
0.73482174,0.89417166
0.73482007,0.8940834
0.7348184,0.8939777
0.73481673,0.89386296
0.73481506,0.8936659
0.7348134,0.8936889
0.7348117,0.8936712
0.73481005,0.89362586
0.7348084,0.89358205
0.7348067,0.89351577
0.73480505,0.8934121
0.7348034,0.8933797
0.7348017,0.8936893
0.73480004,0.89480996
0.7347984,0.8964067
0.7347967,0.89869714
0.73479503,0.89878
0.73479337,0.8984005
0.7347917,0.8996112
0.73479,0.9018365
0.73478836,0.90375674
0.7347867,0.90594554
0.734785,0.9090456
0.73478335,0.90594685
0.7347817,0.90405715
0.7347801,0.90474427
0.7347784,0.90499294
0.73477674,0.90549505
0.73477507,0.90684533
0.7347734,0.9060207
0.7347717,0.90149105
0.73477006,0.8988945
0.7347684,0.8978972
0.7347667,0.89708894
0.73476505,0.89735836
0.7347634,0.899405
0.7347617,0.8957772
0.73476005,0.89142126
0.7347584,0.8903117
0.7347567,0.8888045
0.73475504,0.887174
0.7347534,0.88640326
0.7347517,0.88519883
0.73475003,0.8789631
0.73474836,0.8747499
0.7347467,0.873062
0.734745,0.8715143
0.73474336,0.87080824
0.7347417,0.8714814
0.73474,0.86884165
0.73473835,0.86508095
0.7347367,0.8637223
0.734735,0.8629116
0.73473334,0.8621664
0.7347317,0.86226094
0.73473,0.8641565
0.73472834,0.86049664
0.73472667,0.858495
0.734725,0.8584932
0.7347233,0.8580611
0.73472166,0.85817003
0.73472,0.85966754
0.7347183,0.85945857
0.73471665,0.85681105
0.734715,0.8558286
0.7347133,0.8553406
0.73471165,0.8549046
0.73471,0.85546577
0.7347083,0.85771686
0.73470664,0.8555737
0.734705,0.85361326
0.7347033,0.85371673
0.73470163,0.8536035
0.73469996,0.85392296
0.7346983,0.85544115
0.7346966,0.8570185
0.73469496,0.8544688
0.7346933,0.85324645
0.7346916,0.8533501
0.73468995,0.85331917
0.7346883,0.8540954
0.7346866,0.85625875
0.73468494,0.8554349
0.7346833,0.85325736
0.7346816,0.85284555
0.73467994,0.85263515
0.73467827,0.85273737
0.7346766,0.8539206
0.73467493,0.8569381
0.73467326,0.8544512
0.7346716,0.85294616
0.7346699,0.8534685
0.73466825,0.8536279
0.7346666,0.8544116
0.7346649,0.8564751
0.7346633,0.85703456
0.73466164,0.8547576
0.73465997,0.85387784
0.7346583,0.85372597
0.73465663,0.8536289
0.73465496,0.854429
0.7346533,0.8568886
0.7346516,0.8549818
0.73464996,0.8530029
0.7346483,0.8531732
0.7346466,0.853174
0.73464495,0.8535871
0.7346433,0.8551723
0.7346416,0.8571413
0.73463994,0.85451216
0.7346383,0.8532237
0.7346366,0.8533623
0.73463494,0.8533095
0.73463327,0.853982
0.7346316,0.85619015
0.7346299,0.85535043
0.73462826,0.85306245
0.7346266,0.8524848
0.7346249,0.8521205
0.73462325,0.85195327
0.7346216,0.8528922
0.7346199,0.8557509
0.73461825,0.8529878
0.7346166,0.8512224
0.7346149,0.85169625
0.73461324,0.85180163
0.7346116,0.8524838
0.7346099,0.8545257
0.73460823,0.8551168
0.73460656,0.8525466
0.7346049,0.8515093
0.7346032,0.8514236
0.73460156,0.8513396
0.7345999,0.8521431
0.7345982,0.85461104
0.73459655,0.8526833
0.7345949,0.8505236
0.7345932,0.85043645
0.73459154,0.850234
0.7345899,0.85040414
0.7345882,0.8517422
0.73458654,0.853698
0.73458487,0.85077107
0.7345832,0.84924734
0.73458153,0.8493266
0.73457986,0.84917307
0.7345782,0.8497443
0.7345765,0.8518621
0.73457485,0.85110307
0.7345732,0.84872603
0.7345715,0.8481024
0.73456985,0.8479072
0.7345682,0.84789157
0.7345665,0.84890354
0.73456484,0.85180813
0.7345632,0.8490796
0.7345615,0.84721047
0.73455983,0.84774745
0.73455817,0.8479682
0.7345565,0.8487411
0.7345548,0.8508696
0.73455316,0.8517686
0.7345515,0.84925973
0.7345498,0.8482201
0.7345482,0.8481574
0.73454654,0.84806824
0.7345449,0.8488207
0.7345432,0.8512855
0.73454154,0.8493115
0.73453987,0.8471456
0.7345382,0.84715945
0.7345365,0.84721386
0.73453486,0.8476221
0.7345332,0.8493272
0.7345315,0.8518456
0.73452985,0.8491436
0.7345282,0.8478439
0.7345265,0.8481802
0.73452485,0.8482758
0.7345232,0.8491548
0.7345215,0.8515896
0.73451984,0.85116476
0.7345182,0.8488242
0.7345165,0.8484133
0.73451483,0.84843874
0.73451316,0.8486496
0.7345115,0.8501344
0.7345098,0.85349476
0.73450816,0.85133326
0.7345065,0.8499089
0.7345048,0.85108364
0.73450315,0.8519529
0.7345015,0.8533602
0.7344998,0.8560904
0.73449814,0.85787207
0.7344965,0.85610604
0.7344948,0.85612327
0.73449314,0.85708255
0.73449147,0.8579649
0.7344898,0.85975033
0.7344881,0.86328185
0.73448646,0.86280185
0.7344848,0.8618653
0.7344831,0.86303616
0.73448145,0.8638551
0.7344798,0.8649087
0.7344781,0.86715233
0.73447645,0.8705442
0.7344748,0.86890197
0.7344731,0.8684262
0.73447144,0.86930305
0.7344698,0.86980367
0.7344681,0.8709202
0.73446643,0.87341493
0.73446476,0.8733953
0.7344631,0.87156534
0.7344614,0.8710797
0.73445976,0.8709136
0.7344581,0.8709159
0.7344564,0.871924
0.73445475,0.87467587
0.7344531,0.87256217
0.7344514,0.8709723
0.73444974,0.8715465
0.7344481,0.8717658
0.7344464,0.8724599
0.73444474,0.8743974
0.73444307,0.8754388
0.7344414,0.8733371
0.73443973,0.8723259
0.73443806,0.8722974
0.7344364,0.872164
0.7344347,0.87292826
0.73443305,0.87527597
0.73443145,0.87388283
0.7344298,0.8720529
0.7344281,0.8718769
0.73442644,0.87170523
0.73442477,0.87183166
0.7344231,0.8731135
0.73442143,0.8755997
0.73441976,0.87326276
0.7344181,0.872032
0.7344164,0.8724093
0.73441476,0.87250555
0.7344131,0.8732341
0.7344114,0.87533176
0.73440975,0.8750052
0.7344081,0.87292874
0.7344064,0.8723724
0.73440474,0.87360513
0.7344031,0.8762288
0.7344014,0.88090026
0.73439974,0.88522035
0.73439807,0.8877161
0.7343964,0.8885809
0.7343947,0.8886702
0.73439306,0.8885093
0.7343914,0.88851047
0.7343897,0.8906602
0.73438805,0.8950911
0.7343864,0.90067613
0.73438305,0.8989704
0.7343654,0.8986366
0.73434436,0.8990433
0.7343233,0.89819986
0.73430234,0.8973825
0.7342813,0.89737296
0.73426026,0.89846885
0.7342393,0.8946628
0.73421824,0.8912201
0.7341972,0.88948035
0.7341762,0.88741446
0.7341552,0.8857598
0.73413414,0.8853509
0.73411316,0.8827681
0.7340921,0.8782693
0.7340711,0.8750989
0.7340501,0.87277186
0.73402905,0.8706878
0.734008,0.869743
0.73398703,0.87061214
0.733966,0.866989
0.73394495,0.86388755
0.733924,0.86312103
0.73390293,0.8622402
0.7338819,0.86199313
0.7338609,0.8629147
0.73383987,0.8637264
0.7338188,0.8608879
0.73379785,0.85951716
0.7337768,0.8595374
0.73375577,0.8591428
0.7337347,0.8589113
0.73371375,0.8621003
0.7336927,0.86169124
0.73367167,0.8597651
0.7336507,0.85969156
0.73362964,0.8480663
0.7336086,0.62046456
0.7335876,0.62640095
0.7335666,0.8649198
0.73354554,0.8631976
0.73352456,0.8622626
0.7335035,0.8616228
0.7334825,0.6213023
0.7334615,0.6242733
0.73344046,0.6324097
0.7334194,0.86808354
0.73339844,0.8662108
0.7333774,0.865438
0.73335636,0.62114906
0.7333354,0.620635
0.73331434,0.6260062
0.7332933,0.6359554
0.7332723,0.8682833
0.7332513,0.8667271
0.73323023,0.6246665
0.73320925,0.6210497
0.7331882,0.623262
0.7331672,0.63056713
0.7331462,0.83833575
0.73312515,0.8697568
0.7331041,0.8656584
0.7330831,0.6231074
0.7330621,0.6216584
0.73304105,0.6259942
0.73302007,0.6350733
0.732999,0.8715118
0.732978,0.8683489
0.732957,0.62543625
0.73293597,0.6208285
0.7329149,0.62176603
0.73289394,0.6280782
0.7328729,0.6387445
0.73285186,0.87106407
0.7328309,0.63040066
0.73280984,0.62490207
0.7327888,0.6225456
0.7327678,0.6256775
0.7327468,0.6338006
0.73272574,0.6373299
0.73270476,0.8705052
0.7326837,0.6277529
0.7326627,0.622413
0.7326417,0.6219196
0.73262066,0.6270934
0.7325996,0.6367942
0.73257864,0.8722567
0.7325576,0.6301458
0.73253655,0.6249783
0.7325156,0.62164205
0.73249453,0.6236244
0.7324735,0.6308454
0.7324525,0.6380232
0.7324315,0.8338442
0.73241043,0.6291957
0.73238945,0.62350553
0.7323684,0.6218358
0.73234737,0.62590295
0.7323263,0.6348149
0.73230535,0.6357353
0.7322843,0.63126326
0.73226327,0.62553793
0.7322423,0.62077045
0.73222125,0.6215327
0.7322002,0.627647
0.7321792,0.6380275
0.7321582,0.63591766
0.73213714,0.6297238
0.73211616,0.6245453
0.7320951,0.6221935
0.7320741,0.6252223
0.7320531,0.63320994
0.73203206,0.6368519
0.732011,0.63338125
0.73199004,0.8697649
0.731969,0.87010443
0.73194796,0.86945707
0.731927,0.6265534
0.73190594,0.6361367
0.7318849,0.63508356
0.7318639,0.6296973
0.7318429,0.6244879
0.73182184,0.6208026
0.73180085,0.6227356
0.7317798,0.62982666
0.7317588,0.63744813
0.7317378,0.6349515
0.73171675,0.62863976
0.7316957,0.62290466
0.73167473,0.62115496
0.7316537,0.62510186
0.73163265,0.63388103
0.73161167,0.63490814
0.7315906,0.63067275
0.7315696,0.62498605
0.7315486,0.620014
0.73152757,0.6206804
0.7315065,0.62660396
0.73148555,0.6368872
0.7314645,0.63490844
0.73144346,0.6288226
0.7314225,0.6238047
0.73140144,0.621414
0.7313804,0.6243956
0.7313594,0.63232774
0.7313384,0.6363938
0.73131734,0.6331358
0.73129636,0.62707436
0.7312753,0.6215743
0.7312543,0.62084574
0.7312333,0.6257592
0.73121226,0.6353667
0.7311912,0.63471687
0.73117024,0.62943757
0.7311492,0.6240754
0.73112816,0.62010723
0.7311072,0.6218416
0.73108613,0.628675
0.7310651,0.6365403
0.7310441,0.6341091
0.7310231,0.62797207
0.73100203,0.6222825
0.73098105,0.6202825
0.73096,0.624167
0.730939,0.632754
0.73091793,0.6340958
0.73089695,0.63004684
0.7308759,0.6243644
0.73085487,0.6192172
0.7308339,0.6197251
0.73081285,0.6256362
0.7307918,0.6357411
0.7307708,0.63383543
0.7307498,0.62792456
0.73072875,0.6230218
0.73070776,0.62051
0.7306867,0.6234938
0.7306657,0.6313527
0.7306447,0.63565916
0.73062366,0.6325568
0.7306026,0.62650275
0.73058164,0.6208129
0.7305606,0.61989576
0.73053956,0.6248384
0.7305186,0.63437074
0.73049754,0.6338372
0.7304765,0.62866026
0.7304555,0.6232204
0.7304345,0.619033
0.73041344,0.6207622
0.73039246,0.62752396
0.7303714,0.6358579
0.7303504,0.6335356
0.7303294,0.6274136
0.73030835,0.6217858
0.7302873,0.61974984
0.73026633,0.62356097
0.7302453,0.6320172
0.73022425,0.6336983
0.7302033,0.6297206
0.73018223,0.6239599
0.7301612,0.6186247
0.7301402,0.61892587
0.73011917,0.62484735
0.7300981,0.634943
0.73007715,0.63317436
0.7300561,0.627245
0.73003507,0.62235385
0.7300141,0.61957836
0.72999305,0.6224928
0.729972,0.63042146
0.729951,0.63541245
0.72993,0.63236606
0.72990894,0.62609696
0.72988796,0.6201375
0.7298669,0.6189718
0.7298459,0.62379205
0.7298249,0.63310856
0.72980386,0.63287055
0.7297828,0.6278036
0.72976184,0.6220775
0.7297408,0.617366
0.72971976,0.61886054
0.7296988,0.625624
0.72967774,0.6342687
0.7296567,0.6320208
0.7296357,0.62578547
0.7296147,0.6197015
0.72959363,0.6173693
0.72957265,0.6212844
0.7295516,0.62949693
0.7295306,0.6314112
0.72950953,0.62755334
0.72948855,0.62158126
0.7294675,0.6158532
0.7294465,0.6160065
0.7294255,0.622041
0.72940445,0.6318088
0.7293834,0.630183
0.7293624,0.6244119
0.7293414,0.6217513
0.72932035,0.6241674
0.72929937,0.6334461
0.7292783,0.64586645
0.7292573,0.653989
0.7292363,0.6565515
0.72921526,0.65513283
0.7291942,0.65358144
0.72917324,0.6512366
0.7291522,0.6514677
0.72913116,0.6511027
0.7291102,0.6494781
0.72908914,0.6454343
0.7290704,0.6377452
0.72905505,0.6267364
0.7290397,0.61839986
0.7290244,0.6163502
0.72900903,0.62011564
0.7289937,0.6282389
0.7289784,0.6283106
0.7289631,0.6239449
0.7289477,0.61822647
0.7289324,0.6135574
0.72891706,0.61492044
0.72890174,0.62189734
0.72888637,0.63219523
0.72887105,0.63024676
0.7288557,0.6244965
0.72884035,0.61915505
0.72882503,0.6169301
0.7288097,0.6206675
0.7287944,0.62852544
0.728779,0.63202655
0.7287637,0.62867737
0.7287484,0.6226965
0.72873306,0.61686
0.7287177,0.6164963
0.72870237,0.6219987
0.72868705,0.63133776
0.7286717,0.6305745
0.72865635,0.6253664
0.72864103,0.61983377
0.7286257,0.61595577
0.7286104,0.61821973
0.728595,0.6253628
0.7285797,0.6347058
0.7285644,0.85374546
0.72854906,0.8526585
0.7285337,0.85310173
0.72851837,0.8533339
0.72850305,0.8543618
0.72848773,0.85690844
0.72847235,0.85624707
0.72845703,0.8543153
0.7284417,0.8540488
0.7284264,0.8541187
0.728411,0.85437626
0.7283957,0.855811
0.7283804,0.8591695
0.72836506,0.85698915
0.7283497,0.85580355
0.72833437,0.85687757
0.72831905,0.8575169
0.72830373,0.8586304
0.72828835,0.86108243
0.72827303,0.8619517
0.7282577,0.8599291
0.7282424,0.85925364
0.728227,0.85951793
0.7282117,0.8597592
0.7281964,0.8609517
0.72818106,0.86384827
0.7281657,0.86232185
0.72815037,0.86067057
0.72813505,0.86089504
0.72811973,0.8609928
0.72810435,0.86098623
0.72808903,0.62581056
0.7280737,0.6337878
0.7280584,0.6316596
0.728043,0.6255702
0.7280277,0.619601
0.7280124,0.6176171
0.727997,0.8635195
0.7279817,0.86592054
0.72796637,0.865289
0.72795105,0.86324275
0.7279357,0.8627047
0.72792035,0.86255777
0.72790504,0.86253107
0.7278897,0.86361265
0.72787434,0.86661094
0.727859,0.86433095
0.7278437,0.86289704
0.7278284,0.863716
0.727813,0.86410964
0.7277977,0.8649481
0.72778237,0.867134
0.72776705,0.8679981
0.7277517,0.8658649
0.72773635,0.8649612
0.72772104,0.8649556
0.7277057,0.86491394
0.72769034,0.86579704
0.727675,0.8683872
0.7276597,0.86680406
0.7276444,0.8649939
0.727629,0.86495066
0.7276137,0.86480546
0.72759837,0.86494994
0.72758305,0.8663039
0.7275677,0.8685794
0.72755235,0.86612177
0.72753704,0.86485344
0.7275217,0.8651902
0.72750634,0.8652382
0.727491,0.8659409
0.7274757,0.868122
0.7274604,0.86744124
0.727445,0.8652528
0.7274297,0.86449707
0.72741437,0.86419237
0.72739905,0.8640005
0.7273837,0.86490655
0.72736835,0.8676938
0.72735304,0.8653463
0.7273377,0.8637794
0.72732234,0.8644479
0.727307,0.8646732
0.7272917,0.8653079
0.7272764,0.86727124
0.727261,0.8681457
0.7272457,0.8659152
0.72723037,0.864913
0.72721505,0.864889
0.7271997,0.8647271
0.72718436,0.8654634
0.72716904,0.8678448
0.72715366,0.86620843
0.72713834,0.86430526
0.727123,0.8641583
0.7271077,0.8639715
0.7270923,0.86406803
0.727077,0.8653904
0.7270617,0.8678608
0.7270464,0.865331
0.727031,0.8639867
0.7270157,0.8643042
0.72700036,0.8643125
0.72698504,0.86499417
0.72696966,0.86711824
0.72695434,0.86653554
0.726939,0.86426854
0.7269237,0.86340755
0.7269083,0.86306655
0.726893,0.8628378
0.7268777,0.86368364
0.7268624,0.8663394
0.726847,0.8639345
0.7268317,0.8622072
0.72681636,0.86270714
0.72680104,0.86284053
0.72678566,0.86337143
0.72677034,0.8652338
0.726755,0.8661808
0.7267397,0.8638231
0.7267243,0.8626745
0.726709,0.8625997
0.7266937,0.86238396
0.7266784,0.86306095
0.726663,0.86534524
0.7266477,0.86365294
0.72663236,0.8615608
0.72661704,0.86121637
0.72660166,0.86097467
0.72658634,0.86097294
0.726571,0.862109
0.7265557,0.8646172
0.7265403,0.861881
0.726525,0.8604389
0.7265097,0.86083424
0.7264944,0.86083376
0.726479,0.8614304
0.7264637,0.8635086
0.72644836,0.8630009
0.72643304,0.8606452
0.72641766,0.85974705
0.72640234,0.859442
0.726387,0.8591862
0.7263717,0.86001253
0.7263563,0.8626664
0.726341,0.86025196
0.7263257,0.858454
0.7263103,0.85891145
0.726295,0.8590064
0.7262797,0.8594596
0.72626436,0.8612232
0.726249,0.8622841
0.72623366,0.85980785
0.72621834,0.85853624
0.726203,0.8584591
0.72618765,0.858142
0.7261723,0.8586385
0.726157,0.8607841
0.7261417,0.8590081
0.7261263,0.8566964
0.726111,0.85615927
0.7260957,0.85575736
0.72608036,0.855592
0.726065,0.85666674
0.72604966,0.85940224
0.72603434,0.85662115
0.726019,0.8550524
0.72600365,0.8553789
0.7259883,0.85532624
0.725973,0.8558688
0.7259577,0.85789114
0.7259423,0.8574287
0.725927,0.85494536
0.7259117,0.85390127
0.72589636,0.8535316
0.725881,0.8531683
0.72586566,0.8538589
0.72585034,0.8563963
0.725835,0.8537946
0.72581965,0.85179526
0.7258043,0.85209966
0.725789,0.8520945
0.7257737,0.8524239
0.7257583,0.8540943
0.725743,0.8552128
0.7257277,0.85254043
0.72571236,0.85115963
0.725697,0.85109764
0.72568166,0.850846
0.72566634,0.8514712
0.725651,0.85376376
0.72563565,0.8521059
0.7256203,0.84975195
0.725605,0.84918267
0.7255897,0.84876925
0.7255743,0.84857976
0.725559,0.84965503
0.7255437,0.85268223
0.72552836,0.84982574
0.725513,0.84819263
0.72549766,0.84860265
0.72548234,0.84866786
0.72546697,0.84935224
0.72545165,0.8515376
0.72543633,0.8513226
0.725421,0.84879005
0.72540563,0.84787154
0.7253903,0.8492796
0.725375,0.85234296
0.7253597,0.8577701
0.7253443,0.86277413
0.725329,0.8654525
0.72531366,0.86585075
0.72529835,0.8650758
0.72528297,0.86397785
0.72526765,0.8629119
0.72525233,0.86435497
0.725237,0.86866504
0.72522163,0.8749933
0.72520655,0.8745372
0.7251934,0.8749914
0.72518057,0.87524444
0.7251678,0.87405854
0.72515506,0.8730927
0.7251423,0.87329495
0.72512954,0.8738297
0.7251167,0.8699006
0.725104,0.86665756
0.7250912,0.86507416
0.72507846,0.86316437
0.7250657,0.86181474
0.7250529,0.861903
0.72504014,0.85873365
0.7250274,0.8543205
0.7250146,0.85165447
0.7250019,0.84955347
0.72498906,0.847667
0.7249763,0.8470573
0.72496355,0.84850264
0.7249508,0.84458745
0.72493804,0.841806
0.7249252,0.8416449
0.72491246,0.84114975
0.7248997,0.8412237
0.72488695,0.8427714
0.7248742,0.8429517
0.7248614,0.840147
0.7248486,0.83891654
0.7248359,0.8387451
0.7248231,0.8385091
0.72481036,0.83928263
0.72479755,0.8418564
0.7247848,0.8399609
0.72477204,0.8379085
0.7247593,0.8379734
0.7247465,0.8379966
0.7247337,0.83832973
0.72472095,0.84000796
0.7247082,0.84265184
0.72469544,0.8401528
0.7246827,0.83899987
0.7246699,0.8396237
0.7246571,0.8399824
0.72464436,0.84107244
0.7246316,0.8437168
0.72461885,0.8431808
0.72460604,0.8409628
0.7245933,0.8403655
0.7245805,0.8402902
0.7245678,0.8403432
0.724555,0.84160423
0.7245422,0.8448889
0.72452945,0.8426064
0.7245167,0.8410803
0.72450393,0.84207237
0.7244912,0.8426797
0.72447836,0.8437344
0.7244656,0.8462099
0.72445285,0.84747964
0.7244401,0.8453125
0.72442734,0.8444432
0.7244145,0.8446905
0.7244018,0.8447918
0.724389,0.8458371
0.72437626,0.84864354
0.7243635,0.847014
0.7243507,0.84499806
0.72433794,0.8448975
0.7243252,0.84481907
0.7243124,0.84515965
0.72429967,0.8467995
0.72428685,0.8496034
0.7242741,0.8469988
0.72426134,0.8456516
0.7242486,0.8461572
0.72423583,0.84634393
0.724223,0.84723765
0.72421026,0.84975564
0.7241975,0.84934425
0.72418475,0.847035
0.724172,0.8462499
0.7241592,0.84605
0.7241464,0.84592956
0.7241337,0.84696794
0.7241209,0.8500143
0.72410816,0.8476573
0.72409534,0.8459379
0.7240826,0.8466084
0.72406983,0.8468801
0.7240571,0.8475789
0.7240443,0.8496853
0.7240315,0.85081726
0.72401875,0.8483627
0.724006,0.8472003
0.72399324,0.8472494
0.7239805,0.8471615
0.72396773,0.84802735
0.7239549,0.8506509
0.72394216,0.84897673
0.7239294,0.8467634
0.72391665,0.8464266
0.7239039,0.84618276
0.7238911,0.8462118
0.7238783,0.8475634
0.72386557,0.85047436
0.7238528,0.8477498
0.72384006,0.8462466
0.72382724,0.8466623
0.7238145,0.84680325
0.72380173,0.84770006
0.723789,0.8502134
0.7237762,0.8499795
0.7237634,0.8476558
0.72375065,0.8466577
0.7237379,0.84627026
0.72372514,0.84592426
0.7237124,0.84669155
0.72369957,0.84938604
0.7236868,0.84683514
0.72367406,0.8448558
0.7236613,0.8451904
0.72364855,0.84521925
0.72363573,0.84570265
0.723623,0.8476144
0.7236102,0.84888816
0.72359747,0.84636104
0.7235847,0.84506786
0.7235719,0.84499794
0.72355914,0.8448329
0.7235464,0.8456259
0.72353363,0.8482051
0.7235209,0.84669244
0.72350806,0.84448856
0.7234953,0.8440491
0.72348255,0.8437686
0.7234698,0.84376335
0.72345704,0.8450948
0.7234442,0.84835666
0.72343147,0.84579825
0.7234187,0.844362
0.72340596,0.8448495
0.7233932,0.8449909
0.7233804,0.84576106
0.72336763,0.8480871
0.7233549,0.84788984
0.7233421,0.8454918
0.72332937,0.84447277
0.72331655,0.8441099
0.7233038,0.84381515
0.72329104,0.8446648
0.7232783,0.84750855
0.7232655,0.8451634
0.7232527,0.8432414
0.72323996,0.84351075
0.7232272,0.8434564
0.72321445,0.84389114
0.7232017,0.8458584
0.7231889,0.8473557
0.7231761,0.8447495
0.72316337,0.8434231
0.7231506,0.8434534
0.72313786,0.84340024
0.72312504,0.8443994
0.7231123,0.84722257
0.7230995,0.8460252
0.7230868,0.843888
0.723074,0.8433583
0.7230612,0.842939
0.72304845,0.8427358
0.7230357,0.84386027
0.72302294,0.847037
0.7230102,0.84413505
0.72299737,0.8424648
0.7229846,0.8428777
0.72297186,0.84293354
0.7229591,0.8436868
0.72294635,0.84595996
0.72293353,0.8458167
0.7229208,0.8432942
0.722908,0.84217596
0.72289526,0.8418138
0.7228825,0.8415031
0.7228697,0.8423032
0.72285694,0.8450473
0.7228442,0.8426428
0.7228314,0.840543
0.7228187,0.8406678
0.72280586,0.84056854
0.7227931,0.8408645
0.72278035,0.84261096
0.7227676,0.8441288
0.72275484,0.8413913
0.722742,0.83985364
0.72272927,0.83973575
0.7227165,0.8394387
0.72270375,0.84005404
0.722691,0.84241205
0.7226782,0.8408937
0.7226654,0.83843464
0.7226527,0.83759254
0.7226399,0.8369721
0.72262716,0.83658266
0.72261435,0.83753
0.7226016,0.8406438
0.72258884,0.8377683
0.7225761,0.8359642
0.7225633,0.83631605
0.7225505,0.836307
0.72253776,0.83700264
0.722525,0.8393054
0.72251225,0.8393161
0.7224995,0.83664
0.7224867,0.8352914
0.7224739,0.83471656
0.72246116,0.8344021
0.7224484,0.8351499
0.72243565,0.8378885
0.72242284,0.83551514
0.7224101,0.8332987
0.7223973,0.833254
0.7223846,0.83307266
0.7223718,0.8332472
0.722359,0.8348544
0.72234625,0.8365371
0.7223335,0.8337683
0.72232074,0.83212703
0.722308,0.83184797
0.72229517,0.83134305
0.7222824,0.8317798
0.72226965,0.83405685
0.7222569,0.83260906
0.72224414,0.83001196
0.7222313,0.8290808
0.7222186,0.82847685
0.7222058,0.828102
0.72219306,0.82906353
0.7221803,0.8322388
0.7221675,0.8294499
0.72215474,0.8275891
0.722142,0.8291507
0.7221292,0.83216095
0.7221165,0.8374146
0.72210366,0.84402907
0.7220909,0.84884924
0.72207814,0.8511089
0.7220654,0.8512245
0.72205263,0.8507854
0.7220398,0.84956425
0.72202706,0.8504044
0.7220143,0.8539073
0.72200155,0.8603349
0.7219888,0.863572
0.72197664,0.86274004
0.7219653,0.86341995
0.721954,0.86231434
0.7219426,0.8609058
0.7219313,0.86051965
0.7219199,0.86203474
0.72190857,0.8591694
0.7218972,0.8558009
0.72188586,0.85407394
0.72187454,0.85246015
0.72186315,0.8509802
0.7218518,0.8506707
0.72184044,0.8511758
0.7218291,0.84665287
0.7218178,0.8433832
0.7218064,0.8418662
0.7217951,0.840134
0.7217837,0.8392969
0.7217724,0.84024245
0.72176105,0.838301
0.72174966,0.8348496
0.72173834,0.8331246
0.72172695,0.8319665
0.7217156,0.8310558
0.7217043,0.8314334
0.7216929,0.833914
0.7216816,0.83100694
0.7216702,0.8289522
0.7216589,0.82943034
0.7216475,0.82958204
0.7216362,0.8301923
0.72162485,0.8322448
0.72161347,0.8331667
0.72160214,0.83062994
0.72159076,0.82957065
0.72157943,0.8296791
0.7215681,0.8297659
0.7215567,0.83092487
0.7215454,0.8339301
0.721534,0.8325001
0.7215227,0.830567
0.72151136,0.8305484
0.7215,0.8305568
0.72148865,0.8308989
0.72147727,0.8327116
0.72146595,0.8360396
0.7214546,0.8337388
0.72144324,0.8324666
0.7214319,0.83295816
0.7214205,0.8330407
0.7214092,0.83384705
0.7213979,0.83632433
0.7213865,0.8359179
0.72137517,0.8335626
0.7213638,0.8326834
0.72135246,0.83243114
0.7213411,0.83236766
0.72132975,0.83351094
0.7213184,0.83671415
0.72130704,0.83447695
0.7212957,0.8327125
0.72128433,0.83325833
0.721273,0.83347017
0.7212617,0.8341335
0.7212503,0.8363302
0.721239,0.8377204
0.7212276,0.8353366
0.72121626,0.83412427
0.72120494,0.83410716
0.72119355,0.8339187
0.7211822,0.83471596
0.72117084,0.8374621
0.7211595,0.83600867
0.7211482,0.8339518
0.7211368,0.8336153
0.7211255,0.8334026
0.7211141,0.8334552
0.7211028,0.83489305
0.7210914,0.83809257
0.72108006,0.83546436
0.72106874,0.83396685
0.72105736,0.83440936
0.72104603,0.8345534
0.72103465,0.8353732
0.7210233,0.8378332
0.721012,0.8376004
0.7210006,0.8352212
0.7209893,0.83422834
0.7209779,0.83389795
0.7209666,0.833689
0.72095525,0.8346948
0.72094387,0.8377317
0.72093254,0.8353474
0.72092116,0.83342576
0.72090983,0.83382475
0.7208985,0.8339927
0.7208871,0.83460295
0.7208758,0.83670413
0.7208644,0.8382209
0.7208531,0.83577573
0.7208417,0.83446574
0.7208304,0.83438605
0.72081906,0.83414847
0.7208077,0.8349091
0.72079635,0.8375544
0.72078496,0.8360362
0.72077364,0.83371437
0.7207623,0.83312637
0.7207509,0.83277833
0.7207396,0.83265716
0.7207282,0.83385843
0.7207169,0.83717525
0.72070557,0.8344054
0.7206942,0.83277315
0.72068286,0.8331841
0.7206715,0.83331156
0.72066015,0.83407986
0.7206488,0.83650357
0.72063744,0.8364051
0.7206261,0.8338935
0.72061473,0.83272636
0.7206034,0.8322791
0.7205921,0.8319345
0.7205807,0.832804
0.7205694,0.83571804
0.720558,0.833329
0.72054666,0.83123493
0.7205353,0.83135164
0.72052395,0.83124053
0.7205126,0.83158714
0.72050124,0.8334229
0.7204899,0.83492786
0.72047853,0.8322661
0.7204672,0.8307307
0.7204559,0.83054686
0.7204445,0.8302369
0.7204332,0.8308737
0.7204218,0.833378
0.72041047,0.8319191
0.72039914,0.8294717
0.72038776,0.82867223
0.72037643,0.82808447
0.72036505,0.82777524
0.7203537,0.8289035
0.7203424,0.83221406
0.720331,0.8292591
0.7203197,0.8274138
0.7203083,0.82772505
0.720297,0.8277367
0.7202856,0.82844114
0.72027427,0.83086056
0.72026294,0.8310281
0.72025156,0.8285605
0.72024024,0.82731384
0.72022885,0.8268525
0.7202175,0.8264996
0.7202062,0.82733124
0.7201948,0.830256
0.7201835,0.82793206
0.7201721,0.8256837
0.7201608,0.82554835
0.72014946,0.8253156
0.7201381,0.8255451
0.72012675,0.8272752
0.72011536,0.82893574
0.72010404,0.82614845
0.7200927,0.8244256
0.7200813,0.8240818
0.72007,0.82364047
0.7200586,0.824229
0.7200473,0.82667315
0.720036,0.8250092
0.7200246,0.82232577
0.72001326,0.8213532
0.7200019,0.8207434
0.71999055,0.82047987
0.71997917,0.82165945
0.71996784,0.8251286
0.7199565,0.82239324
0.71994513,0.8205259
0.7199338,0.8208056
0.7199224,0.82063675
0.7199111,0.82124656
0.7198998,0.8234793
0.7198884,0.82352346
0.71987706,0.8208114
0.7198657,0.8194017
0.71985435,0.8188426
0.71984303,0.8184348
0.71983165,0.81932914
0.7198203,0.8222262
0.71980894,0.81985164
0.7197976,0.8175041
0.7197863,0.8172811
0.7197749,0.8169627
0.7197636,0.81712997
0.7197522,0.8188154
0.71974087,0.8206572
0.7197295,0.81789315
0.71971816,0.816118
0.71970683,0.8158736
0.71969545,0.81556046
0.7196841,0.8161896
0.71967274,0.81868947
0.7196614,0.8174117
0.7196501,0.8147459
0.7196387,0.81354773
0.7196274,0.8126737
0.719616,0.81214017
0.7196047,0.81307226
0.71959335,0.81631196
0.71958196,0.81340724
0.71957064,0.81114274
0.71955925,0.80660975
0.7195479,0.81147486
0.7195366,0.81228834
0.7195252,0.81464165
0.7195139,0.8150587
0.7195025,0.81246793
0.7194912,0.8109872
0.7194798,0.81038773
0.7194685,0.8098826
0.71945715,0.81064224
0.71944577,0.8135157
0.71943444,0.8113724
0.71942306,0.809033
0.71941173,0.8086194
0.7194004,0.8081716
0.719389,0.80825555
0.7193777,0.80995053
0.7193663,0.81213886
0.719355,0.8093642
0.71934366,0.8075016
0.7193323,0.8071599
0.71932095,0.8067618
0.71930957,0.8074298
0.71929824,0.8100101
0.7192869,0.80896807
0.71927553,0.80635613
0.7192642,0.8055428
0.7192528,0.8069512
0.7192415,0.81059945
0.7192302,0.81707823
0.7192188,0.8231576
0.71920747,0.82704103
0.7191961,0.8285679
0.71918476,0.8286496
0.7191734,0.82788265
0.71916205,0.8272116
0.7191507,0.8292091
0.71913934,0.834253
0.719128,0.8408146
0.719118,0.8403669
0.71911645,0.8394166
0.71911645,0.838878
0.71911645,0.8372899
0.71911645,0.8362427
0.71911645,0.83727115
0.71911645,0.8408209
0.71911645,0.8443257
0.71911645,0.846256
0.71911645,0.8462036
0.71911645,0.8447795
0.71911645,0.8431066
0.71911645,0.8418348
0.71911645,0.8416524
0.71911645,0.8423479
0.71911645,0.843922
0.71911645,0.84596145
0.71911645,0.84852004
0.71911645,0.8511686
0.71911645,0.8539772
0.71911645,0.8566345
0.71911645,0.859154
0.71911645,0.8615644
0.71911645,0.8636927
0.71911645,0.8656718
0.71911645,0.86736065
0.71911645,0.8689602
0.71911645,0.8701724
0.71911645,0.8712996
0.71911645,0.8720559
0.71911645,0.87271285
0.71911645,0.8728748
0.71911645,0.87294555
0.71911645,0.872679
0.71911645,0.87223446
0.71911645,0.87148017
0.71911645,0.8704829
0.71911645,0.86930114
0.71911645,0.86765313
0.71911645,0.86577946
0.71911645,0.86344755
0.71911645,0.86095154
0.71911645,0.8580716
0.71911645,0.85541946
0.71911645,0.85236
0.71911645,0.8491855
0.71911645,0.8460569
0.71911645,0.84343845
0.71911645,0.8411702
0.71911645,0.8392301
0.71911645,0.837656
0.71911645,0.8362981
0.71911645,0.8353197
0.71911645,0.8344492
0.71911645,0.8338038
0.71911645,0.83324325
0.71911645,0.8329385
0.71911645,0.8325268
0.71911645,0.83214605
0.71911645,0.831721
0.71911645,0.83135265
0.71911645,0.83094
0.71911645,0.83059067
0.71911645,0.83022255
0.71911645,0.8297388
0.71911645,0.82920796
0.71911645,0.82862526
0.71911645,0.8280706
0.71911645,0.82753307
0.71911645,0.82717407
0.71911645,0.8268444
0.71911645,0.8266281
0.71911645,0.8271659
0.71911645,0.8277987
0.71911645,0.82786244
0.71911645,0.8274167
0.71911645,0.82665217
0.71911645,0.8255948
0.71911645,0.8243716
0.71911645,0.82317185
0.71911645,0.8220158
0.71911645,0.82103455
0.71911645,0.82015944
0.71911645,0.8193173
0.71911645,0.81848645
0.71911645,0.81763595
0.71911645,0.81688106
0.71911645,0.81612945
0.71911645,0.8154689
0.71911645,0.8148985
0.71911645,0.8143748
0.71911645,0.81382316
0.71911645,0.8133458
0.71911645,0.812868
0.71911645,0.81248075
0.71911645,0.81211525
0.71911645,0.81189495
0.71911645,0.81165314
0.71911645,0.81136155
0.71911645,0.81114286
0.71911645,0.8109197
0.71911645,0.81078726
0.71911645,0.81070215
0.71911645,0.8106547
0.71911645,0.8104979
0.71911645,0.81039864
0.71911645,0.81027234
0.71911645,0.81023306
0.71911645,0.8101623
0.71911645,0.8102477
0.71911645,0.81019336
0.71911645,0.8101378
0.71911645,0.81010497
0.71911645,0.8100336
0.71911645,0.8100391
0.71911645,0.8100804
0.71911645,0.8102126
0.71911645,0.81017536
0.71911645,0.81019145
0.71911645,0.81015706
0.71911645,0.8102273
0.71911645,0.81027305
0.71911645,0.81052476
0.71911645,0.81064755
0.71911645,0.81125647
0.71911645,0.8114281
0.71911645,0.8111803
0.71911645,0.81070703
0.71911645,0.80997884
0.71911645,0.8089717
0.71911645,0.8090444
0.71911645,0.80953825
0.71911645,0.8101319
0.71911645,0.81075597
0.71911645,0.81138366
0.71911645,0.81222486
0.71911645,0.812948
0.71911645,0.8135459
0.71911645,0.8140547
0.71911645,0.81452763
0.71911645,0.81497353
0.71911645,0.81540096
0.71911645,0.81509876
0.71911645,0.8147004
0.71911645,0.8148707
0.71911645,0.814986
0.71911645,0.8150005
0.71911645,0.8149364
0.71911645,0.8149184
0.71911645,0.8148819
0.71911645,0.8146566
0.71911645,0.81436706
0.71911645,0.81407726
0.71911645,0.81381464
0.71911645,0.8135714
0.71911645,0.81312984
0.71911645,0.81166947
0.71911645,0.8110856
0.71911645,0.8109051
0.71911645,0.8106294
0.71911645,0.81029105
0.71911645,0.80994016
0.71911645,0.8096813
0.71911645,0.80915713
0.71911645,0.80865085
0.71911645,0.8081004
0.71911645,0.8075964
0.71911645,0.8071026
0.71911645,0.80676055
0.71911645,0.80572665
0.71911645,0.8057149
0.71911645,0.8060387
0.71911645,0.8054297
0.71911645,0.8041329
0.71911645,0.8029375
0.71911645,0.8018806
0.71911645,0.8007333
0.71911645,0.7996426
0.71911645,0.7986424
0.71911645,0.7977956
0.71911645,0.797044
0.71911645,0.79646766
0.71911645,0.796001
0.71911645,0.79544556
0.71911645,0.7949195
0.71911645,0.79504573
0.71911645,0.79455894
0.71911645,0.79408205
0.71911645,0.79374844
0.71911645,0.79329264
0.71911645,0.79276323
0.71911645,0.79224914
0.71911645,0.79177517
0.71911645,0.79140556
0.71911645,0.7911005
0.71911645,0.7909947
0.71911645,0.7907105
0.71911645,0.7904342
0.71911645,0.7905402
0.71911645,0.7906149
0.71911645,0.79036427
0.71911645,0.7900372
0.71911645,0.7892749
0.71911645,0.78837055
0.71911645,0.78721404
0.71911645,0.78588074
0.71911645,0.78464895
0.71911645,0.78375393
0.71911645,0.7832762
0.71911645,0.78318423
0.71911645,0.7832111
0.71911645,0.7803567
0.71911645,0.65212375
0.71911645,0.6486595
0.71911645,0.6464858
0.71911645,0.78619975
0.71911645,0.7870554
0.71911645,0.787355
0.71911645,0.787614
0.71911645,0.78782105
0.71911645,0.78801227
0.71911645,0.78821707
0.71911645,0.7885258
0.71911645,0.7889412
0.71911645,0.78901887
0.71911645,0.78902256
0.71911645,0.78899294
0.71911645,0.7890018
0.71911645,0.78902435
0.71911645,0.789297
0.71911645,0.7893977
0.71911645,0.78929347
0.71911645,0.7891698
0.71911645,0.7890385
0.71911645,0.7889623
0.71911645,0.7889375
0.71911645,0.7891905
0.71911645,0.78904533
0.71911645,0.7888288
0.71911645,0.7885663
0.71911645,0.7883486
0.71911645,0.78818476
0.71911645,0.78830165
0.71911645,0.7884168
0.71911645,0.788168
0.71911645,0.78785837
0.71911645,0.78752375
0.71911645,0.7872641
0.71911645,0.78704476
0.71911645,0.7872126
0.71911645,0.787014
0.71911645,0.78657603
0.71911645,0.7860893
0.71911645,0.7856589
0.71911645,0.7853266
0.71911645,0.7851835
0.71911645,0.78529465
0.71911645,0.78492033
0.71911645,0.7844594
0.71911645,0.7839556
0.71911645,0.78353274
0.71911645,0.7832006
0.71911645,0.7832957
0.71911645,0.78320134
0.71911645,0.78280616
0.71911645,0.78234357
0.71911645,0.7818718
0.71911645,0.7815214
0.71911645,0.78128475
0.71911645,0.78154325
0.71911645,0.78105855
0.71911645,0.7805385
0.71911645,0.7800437
0.71911645,0.77944326
0.71911645,0.7788905
0.71911645,0.7788513
0.71911645,0.7789113
0.71911645,0.7783803
0.71911645,0.7777906
0.71911645,0.77722067
0.71911645,0.7768345
0.71911645,0.7765684
0.71911645,0.7771749
0.71911645,0.77717865
0.71911645,0.7768507
0.71911645,0.7764365
0.71911645,0.7760721
0.71911645,0.7758961
0.71911645,0.7760886
0.71911645,0.7769538
0.71911645,0.77676153
0.71911645,0.7763834
0.71911645,0.77592814
0.71911645,0.77565056
0.71911645,0.77553606
0.71911645,0.7764686
0.71911645,0.77698857
0.71911645,0.7767093
0.71911645,0.77629054
0.71911645,0.7758571
0.71911645,0.77570707
0.71911645,0.77575845
0.71911645,0.777156
0.71911645,0.7770839
0.71911645,0.77669436
0.71911645,0.7761286
0.71911645,0.77569103
0.71911645,0.7755607
0.71911645,0.77662957
0.71911645,0.77793366
0.71911645,0.7777207
0.71911645,0.77727586
0.71911645,0.77674747
0.71911645,0.77656627
0.71911645,0.7765719
0.71911645,0.77835715
0.71911645,0.778779
0.71911645,0.7784257
0.71911645,0.7778675
0.71911645,0.777323
0.71911645,0.77719647
0.71911645,0.7777891
0.71911645,0.77974236
0.71911645,0.7794613
0.71911645,0.778809
0.71911645,0.7778874
0.71911645,0.7773082
0.71911645,0.7770073
0.71911645,0.7789269
0.71911645,0.7799284
0.71911645,0.77940303
0.71911645,0.77865297
0.71911645,0.77785784
0.71911645,0.7775901
0.71911645,0.7776615
0.71911645,0.7801059
0.71911645,0.7800248
0.71911645,0.77935565
0.71911645,0.77832216
0.71911645,0.77742755
0.71911645,0.77706915
0.71911645,0.77872324
0.71911645,0.78057754
0.71911645,0.7800706
0.71911645,0.77918345
0.71911645,0.77805716
0.71911645,0.7772933
0.71911645,0.7769097
0.71911645,0.77926505
0.71911645,0.7795934
0.71911645,0.77890664
0.71911645,0.7779069
0.71911645,0.7768546
0.71911645,0.7764069
